first_name,last_name,email,phone
Sybille,Whetnall,swhetnall0@stumbleupon.com,6075908653
Krystle,Orrin,korrin1@reverbnation.com,6609681905
Lorry,Byfford,lbyfford2@dion.ne.jp,8598470654
Marthena,Ashborn,mashborn3@about.com,5337858300
Giraldo,Holligan,gholligan4@alibaba.com,8139995569
Gottfried,Bourthoumieux,gbourthoumieux5@multiply.com,9748141000
Korry,Iacomi,kiacomi6@mail.ru,6629210060
Leigh,Galbraeth,lgalbraeth7@theglobeandmail.com,1744928186
Farica,Danniel,fdanniel8@ihg.com,7287188920
Cherey,Pantry,cpantry9@jigsy.com,3354062589
Row,Addington,raddingtona@photobucket.com,6775950990
Allin,Farmar,afarmarb@disqus.com,9653699460
Kristi,Scotney,kscotneyc@yale.edu,2715892397
Corbie,Lakey,clakeyd@theatlantic.com,6142853033
Molly,Finnemore,mfinnemoree@umich.edu,3257253640
Warren,McCrann,wmccrannf@nydailynews.com,5629700443
Tessie,Goodbanne,tgoodbanneg@moonfruit.com,5971313797
Hy,Klulik,hklulikh@marriott.com,5417738780
Saxon,Wickersham,swickershami@wikimedia.org,4229186761
Olivier,Lynde,olyndej@marriott.com,5132429749
Ardeen,Tommen,atommenk@github.com,9881804524
Eugenia,Duthy,eduthyl@businesswire.com,8787306159
Constantina,Cookman,ccookmanm@altervista.org,6709532789
Myrwyn,Quiddington,mquiddingtonn@ycombinator.com,8962382317
Garret,Kemet,gkemeto@acquirethisname.com,9756120254
Margo,Cullimore,mcullimorep@xinhuanet.com,1538646714
Caspar,Sheepy,csheepyq@imageshack.us,9538375948
Teddie,Novic,tnovicr@ebay.co.uk,7563640344
Buckie,Lain,blains@un.org,8011781098
Genna,Chalmers,gchalmerst@trellian.com,2803687208
Iormina,Connachan,iconnachanu@angelfire.com,1996679561
Rupert,Hallaways,rhallawaysv@friendfeed.com,1407895053
Reeta,Bushe,rbushew@answers.com,7712353126
Arney,Sutter,asutterx@sciencedaily.com,8952960865
Lissa,Roobottom,lroobottomy@cisco.com,3291798164
Chauncey,Cardow,ccardowz@illinois.edu,3258427590
Dom,Kiggel,dkiggel10@google.com,5217896658
Zahara,Kubatsch,zkubatsch11@csmonitor.com,2787376515
Martelle,Abriani,mabriani12@ed.gov,7387598235
Cale,Alf,calf13@springer.com,2797806549
Sofia,Gasson,sgasson14@wordpress.org,6002910303
Ciel,Gent,cgent15@un.org,6658956038
Gaylor,Jerred,gjerred16@tripadvisor.com,3908897308
Agustin,Kiss,akiss17@yahoo.co.jp,2358292321
Barret,Sporle,bsporle18@privacy.gov.au,3961782021
Nessie,Fosserd,nfosserd19@wufoo.com,3034589717
Reggi,Bursnoll,rbursnoll1a@msu.edu,4973877835
Loni,Lauder,llauder1b@java.com,4539457000
Marisa,Gossart,mgossart1c@flavors.me,4469619185
Hulda,Westberg,hwestberg1d@wix.com,1498293382
Bessy,Fortnum,bfortnum1e@google.com.hk,4326981313
Joellen,Redfearn,jredfearn1f@bloomberg.com,7156936549
Clair,Coaten,ccoaten1g@reference.com,9733710569
Thomasine,Keatch,tkeatch1h@tinyurl.com,9963908028
Rriocard,Nares,rnares1i@phpbb.com,1483420035
Whitman,Dewdney,wdewdney1j@state.tx.us,3536538818
Wiley,Buckel,wbuckel1k@apple.com,1811494697
Mario,Gallichiccio,mgallichiccio1l@shinystat.com,7248936889
Chico,Bardill,cbardill1m@cafepress.com,5478597451
Steven,Welland,swelland1n@unesco.org,3138515735
Samara,Joynes,sjoynes1o@printfriendly.com,3833568318
Derril,Janaszewski,djanaszewski1p@wisc.edu,5415206631
Isidore,Murtagh,imurtagh1q@aboutads.info,8719184407
Madalena,Van Der Weedenburg,mvanderweedenburg1r@jugem.jp,5564079956
Christel,Poyntz,cpoyntz1s@newyorker.com,6207192132
Andriette,MacNockater,amacnockater1t@nymag.com,3242956596
Donnamarie,Maddra,dmaddra1u@irs.gov,7729378156
Cord,Radsdale,cradsdale1v@sitemeter.com,2937277165
Malanie,Eyre,meyre1w@shop-pro.jp,3167608937
Traci,Jancso,tjancso1x@apple.com,3053920194
Maximo,Howlett,mhowlett1y@time.com,9732408814
Robbyn,Vasyukhin,rvasyukhin1z@reverbnation.com,7453613132
Tabby,Duiged,tduiged20@reddit.com,8739089365
Zoe,Whitelaw,zwhitelaw21@toplist.cz,7625059782
Worth,Peeters,wpeeters22@dyndns.org,7507888532
Demeter,Linnit,dlinnit23@globo.com,4392593183
Madelaine,Wofenden,mwofenden24@ning.com,8919653543
Drona,Sines,dsines25@artisteer.com,9332264453
Inge,Hunday,ihunday26@moonfruit.com,9538903804
Robbert,Muxworthy,rmuxworthy27@biglobe.ne.jp,7844574006
Holden,Brocking,hbrocking28@qq.com,5406526832
Pietro,Gegg,pgegg29@bbb.org,3212978134
Doloritas,Raynes,draynes2a@stanford.edu,2542135847
Grannie,Colby,gcolby2b@dedecms.com,7405008016
Wyatan,Dawtry,wdawtry2c@skype.com,4441376248
Concettina,Gatherell,cgatherell2d@skyrock.com,6708062367
Whitaker,Meharg,wmeharg2e@buzzfeed.com,5518567425
Marinna,Aird,maird2f@bizjournals.com,1995936679
Arlee,Carus,acarus2g@unblog.fr,7667020318
Godwin,Andri,gandri2h@imdb.com,4694145849
Tallie,Gumm,tgumm2i@privacy.gov.au,4559031878
Cissiee,McNaughton,cmcnaughton2j@china.com.cn,1834653892
Casie,Bradnocke,cbradnocke2k@skype.com,6698890679
Dina,Edmott,dedmott2l@dot.gov,9285284314
Rochester,Cuthill,rcuthill2m@nasa.gov,8401637186
Man,Wands,mwands2n@samsung.com,5084286849
Lorin,Webb,lwebb2o@microsoft.com,1041803222
Sammy,Delue,sdelue2p@symantec.com,9169364172
Kermie,Avramovich,kavramovich2q@bigcartel.com,3143881565
Aleda,Lindwall,alindwall2r@mtv.com,8942568284
Cammy,Howieson,chowieson2s@imageshack.us,5193462184
Terrance,Casetta,tcasetta2t@hhs.gov,6614865097
Graeme,Broad,gbroad2u@prlog.org,3218324994
Lishe,Hattoe,lhattoe2v@rediff.com,4932026180
Ambros,Rodenburg,arodenburg2w@aboutads.info,4833615638
Garek,Giacomucci,ggiacomucci2x@storify.com,1668483201
Erica,Thickens,ethickens2y@yolasite.com,1941189358
Carson,Dautry,cdautry2z@house.gov,2482636020
Melodie,Osgerby,mosgerby30@timesonline.co.uk,7397404522
Bogart,Munden,bmunden31@cbc.ca,9304884275
Sophi,Wingar,swingar32@mail.ru,9208954501
Lind,Fort,lfort33@sciencedirect.com,8379489308
Sibyl,Salmen,ssalmen34@constantcontact.com,6529660056
Burt,Nutbeem,bnutbeem35@nationalgeographic.com,6973852412
Bekki,Loins,bloins36@alexa.com,1551730261
Winny,Heningam,wheningam37@rakuten.co.jp,2399263773
Imelda,Emslie,iemslie38@miibeian.gov.cn,9732770046
Brina,Deane,bdeane39@hexun.com,9777332688
Kesley,Redley,kredley3a@wisc.edu,1937454172
Wendall,Tugman,wtugman3b@blogtalkradio.com,9854146178
Nye,Phillcock,nphillcock3c@ftc.gov,3798525154
Tanitansy,Shefton,tshefton3d@washingtonpost.com,3443780375
Birdie,Ary,bary3e@weebly.com,7165807840
Darline,Canavan,dcanavan3f@bloglines.com,3277574908
Jemie,Nealy,jnealy3g@mayoclinic.com,5959934285
Rochette,Parcell,rparcell3h@flavors.me,6433262495
Shirlee,Bottomer,sbottomer3i@blogtalkradio.com,6055930571
Noelle,Gaskall,ngaskall3j@chronoengine.com,1498960703
Alyda,Myhill,amyhill3k@csmonitor.com,1937651410
Kira,Mehew,kmehew3l@flavors.me,6283691404
Adolf,Caton,acaton3m@samsung.com,1154358198
Broderic,Churchill,bchurchill3n@wikispaces.com,1591233225
Sharleen,M'Chirrie,smchirrie3o@diigo.com,4572774116
Saunders,Creamen,screamen3p@netscape.com,6318375451
Berry,O' Mulderrig,bomulderrig3q@ucoz.ru,7998853322
Loleta,Atwood,latwood3r@jimdo.com,6731687644
Tova,Clunan,tclunan3s@yelp.com,7687689939
Sile,Stelfox,sstelfox3t@wired.com,2123452522
Luigi,Verrechia,lverrechia3u@unc.edu,6959531263
Vonnie,Shelborne,vshelborne3v@ucsd.edu,4489468894
Cristi,Lilley,clilley3w@aboutads.info,6685470199
Carolin,Tricker,ctricker3x@google.de,4948592551
Doyle,Proudler,dproudler3y@cornell.edu,1379069325
Gloriana,Gillingwater,ggillingwater3z@ycombinator.com,5528352436
Darbee,Emanuel,demanuel40@blog.com,5549688238
Russ,Geerdts,rgeerdts41@state.tx.us,7058912597
Kathryne,Mayward,kmayward42@multiply.com,1772354327
Alexandra,Bree,abree43@europa.eu,9117783408
Ardis,Ilyukhov,ailyukhov44@reference.com,4651420172
Reeta,Shillingford,rshillingford45@earthlink.net,2082131506
Colman,Kemp,ckemp46@ted.com,1441684397
Sean,Stranio,sstranio47@walmart.com,8812043390
Martie,Yorkston,myorkston48@japanpost.jp,6502087969
Jo,Feedome,jfeedome49@zimbio.com,2949684925
Nisse,Klausen,nklausen4a@spiegel.de,5161320799
Holly,Poulsom,hpoulsom4b@miibeian.gov.cn,5117256009
Klarika,Dayton,kdayton4c@hud.gov,9631504991
Magdalena,Rainforth,mrainforth4d@instagram.com,1509096510
Aharon,Gilstoun,agilstoun4e@instagram.com,8226172790
Estele,Hryniewicki,ehryniewicki4f@opera.com,2477856447
Leila,Mulkerrins,lmulkerrins4g@forbes.com,6008793519
Janeczka,Stebbings,jstebbings4h@delicious.com,5487245962
Jethro,Tayt,jtayt4i@google.nl,2307928402
Melita,Charlson,mcharlson4j@de.vu,4692400497
Wade,Waring,wwaring4k@goo.ne.jp,3146406226
Conney,Shellsheere,cshellsheere4l@moonfruit.com,2428899069
Micky,O'Reilly,moreilly4m@latimes.com,5782267342
Mike,McMurraya,mmcmurraya4n@whitehouse.gov,6688329367
Noam,Thain,nthain4o@feedburner.com,4666647511
Rich,Deaconson,rdeaconson4p@1und1.de,9858938890
Starr,Kemshell,skemshell4q@topsy.com,6779258853
Keefe,D'Arrigo,kdarrigo4r@economist.com,2259202810
Maureene,Coomer,mcoomer4s@theglobeandmail.com,4103543813
Berni,Reddlesden,breddlesden4t@feedburner.com,9622076247
Billie,Jorck,bjorck4u@answers.com,3427671170
Elyn,McNab,emcnab4v@printfriendly.com,9037218381
Galina,Border,gborder4w@fda.gov,5437525934
Moises,Kitchingman,mkitchingman4x@state.gov,2924952456
Filberto,Ramage,framage4y@wisc.edu,5229971178
Nike,Maryet,nmaryet4z@furl.net,6061690943
Alyda,O'Tierney,aotierney50@globo.com,9265249137
Hugues,Bartolozzi,hbartolozzi51@newsvine.com,8351278659
Frederica,De Lacey,fdelacey52@taobao.com,2144766840
Alasdair,Bollum,abollum53@is.gd,1076415935
Urson,Fancy,ufancy54@devhub.com,1054812632
Leshia,Stockdale,lstockdale55@symantec.com,6413448797
Alethea,Flea,aflea56@ow.ly,5373240308
Cyndy,Patience,cpatience57@taobao.com,9728723731
Rodolphe,Baszkiewicz,rbaszkiewicz58@about.com,3257628258
Jerrold,Rens,jrens59@networkadvertising.org,6823073643
Gertrudis,Muzzlewhite,gmuzzlewhite5a@macromedia.com,9565626542
Phillip,de Amaya,pdeamaya5b@indiatimes.com,1751068748
Shaw,Pellatt,spellatt5c@phoca.cz,4743302817
Elinore,Klesl,eklesl5d@blog.com,8907937089
Janie,Riccardi,jriccardi5e@slashdot.org,9655068651
Gonzales,Endicott,gendicott5f@miibeian.gov.cn,2512223685
Louisette,Newburn,lnewburn5g@si.edu,8179465942
Camille,Watkins,cwatkins5h@google.com.br,7704481790
Trixi,Lidgertwood,tlidgertwood5i@barnesandnoble.com,5753538491
Lula,Kidsley,lkidsley5j@weibo.com,7439870270
Fayette,Geroldi,fgeroldi5k@cbslocal.com,9793646884
Myron,Reagan,mreagan5l@ebay.com,1113692980
Coletta,Zini,czini5m@washingtonpost.com,9022720671
Lola,Seth,lseth5n@java.com,5085511425
Phineas,Beckinsale,pbeckinsale5o@simplemachines.org,3765924694
Phaedra,Shurey,pshurey5p@ycombinator.com,4856510087
Isa,Tucknutt,itucknutt5q@tripod.com,3925327291
Sashenka,Chuter,schuter5r@springer.com,6419312344
Herb,Andresser,handresser5s@gizmodo.com,9524155529
Sandie,Potes,spotes5t@sciencedirect.com,4426373415
Vic,Dreus,vdreus5u@unicef.org,6235124704
Sammie,Branney,sbranney5v@vinaora.com,3525773403
Lemar,Hickisson,lhickisson5w@diigo.com,4927077852
Patrizio,McClenaghan,pmcclenaghan5x@reference.com,3727098151
Catherin,Rosenfeld,crosenfeld5y@nyu.edu,7914517580
Lucien,Bernaldez,lbernaldez5z@nsw.gov.au,1542355402
Tonnie,Tilliards,ttilliards60@ovh.net,9752745043
Christoper,Mityushin,cmityushin61@sina.com.cn,5547342564
Alexei,Davidai,adavidai62@oaic.gov.au,7047042335
Fawne,Simkovitz,fsimkovitz63@g.co,9599281511
Farrell,Crosfeld,fcrosfeld64@twitter.com,5782674791
Bambi,Phin,bphin65@hatena.ne.jp,7888231338
Vina,Tuison,vtuison66@csmonitor.com,9106552281
Trudy,Huglin,thuglin67@mysql.com,3134571282
Freddy,Muldoon,fmuldoon68@spotify.com,9823065360
Osmund,Romanin,oromanin69@senate.gov,8646509121
Toby,Sargeaunt,tsargeaunt6a@discovery.com,5289018113
Rowena,Wickie,rwickie6b@google.com.br,8777444535
Ruthi,Feore,rfeore6c@businessweek.com,9276705867
Aubrey,Fouracre,afouracre6d@bluehost.com,5039648471
Lishe,Mathie,lmathie6e@gizmodo.com,2386217814
Mike,Allot,mallot6f@mozilla.org,3389062297
Hamel,Stronge,hstronge6g@webs.com,9546195608
Jeanine,Finlator,jfinlator6h@hud.gov,6005587382
Angie,Clement,aclement6i@w3.org,4805716807
Francis,Mityakov,fmityakov6j@spotify.com,5513878623
Bekki,Polden,bpolden6k@pinterest.com,8884511249
Nathanael,McAw,nmcaw6l@businesswire.com,1185325527
Bealle,Totaro,btotaro6m@china.com.cn,4244855480
Deane,Kimbell,dkimbell6n@seesaa.net,2544712503
Edd,Girdlestone,egirdlestone6o@altervista.org,4085214864
Brita,Defew,bdefew6p@java.com,1561324293
Rutger,Smitton,rsmitton6q@cnet.com,4192375380
Kingsley,Elstob,kelstob6r@ucla.edu,1606892370
Laurena,Greger,lgreger6s@list-manage.com,5246723374
Justin,Boulde,jboulde6t@netscape.com,8855743621
Tristam,Beardsall,tbeardsall6u@unc.edu,5451913218
Jorie,Gemmell,jgemmell6v@nih.gov,4811421260
Maximilianus,Legonidec,mlegonidec6w@tamu.edu,9761019235
Antonina,Longshaw,alongshaw6x@mlb.com,8601326507
Barr,Bonwell,bbonwell6y@oakley.com,9768699004
Shayna,Reuter,sreuter6z@cafepress.com,5148797814
Lay,Smale,lsmale70@princeton.edu,5257953181
Shannon,Seamarke,sseamarke71@jugem.jp,7031186468
Melony,Ikringill,mikringill72@economist.com,7852781569
Tanitansy,Lintott,tlintott73@washingtonpost.com,8907785105
Lolly,Minger,lminger74@google.cn,4027738452
Natalina,Gallardo,ngallardo75@purevolume.com,4645492673
Patten,Althorpe,palthorpe76@jalbum.net,1923641862
Berkeley,Schirach,bschirach77@alibaba.com,2583150780
Barny,Millhill,bmillhill78@skype.com,7002899469
Tera,Rogge,trogge79@army.mil,6832690917
Kylen,Gethen,kgethen7a@dion.ne.jp,6622579632
Kaye,O'Sheilds,kosheilds7b@indiegogo.com,5156400865
Toma,Targett,ttargett7c@statcounter.com,2477911073
Benny,Climar,bclimar7d@washington.edu,5257716189
Jemie,Danet,jdanet7e@yolasite.com,5912223055
Zitella,Rallinshaw,zrallinshaw7f@jimdo.com,9718929333
Judon,Fullard,jfullard7g@about.me,6582534730
Stillman,McLelland,smclelland7h@bloglovin.com,1654433698
Norene,McKinnon,nmckinnon7i@dailymail.co.uk,3108247939
Felisha,Eicke,feicke7j@artisteer.com,8677532452
Sammy,Darkins,sdarkins7k@behance.net,8742488306
Avie,Buttwell,abuttwell7l@elegantthemes.com,8786820922
Othilie,Bang,obang7m@multiply.com,2716274573
Heidie,Winson,hwinson7n@yale.edu,2281005378
Mureil,Joskovitch,mjoskovitch7o@spotify.com,1707034725
Arvy,Robshaw,arobshaw7p@elegantthemes.com,5986531747
Ingeborg,Burrows,iburrows7q@tiny.cc,9717870420
Birgit,Fanner,bfanner7r@ovh.net,9638584860
Donnamarie,Filpo,dfilpo7s@webeden.co.uk,2189409480
Terri,Donegan,tdonegan7t@pen.io,3011174321
Franciska,Compfort,fcompfort7u@ustream.tv,5274267911
Carmela,Crayton,ccrayton7v@pcworld.com,7123755053
Hollis,Currey,hcurrey7w@addthis.com,4419539278
Rice,Juszczak,rjuszczak7x@vkontakte.ru,5152642632
Jonathan,Winpenny,jwinpenny7y@jimdo.com,5593577801
Giuditta,Poate,gpoate7z@macromedia.com,3404684899
Petronia,Jahan,pjahan80@reverbnation.com,8955714372
Sayres,Devote,sdevote81@examiner.com,9092901032
Leland,McKinnon,lmckinnon82@parallels.com,5598322867
Jocko,Haugh,jhaugh83@hud.gov,2275679226
Michal,Batrick,mbatrick84@wordpress.org,4114970765
Jed,Betancourt,jbetancourt85@icio.us,4259250332
Luca,McCurdy,lmccurdy86@stumbleupon.com,7659348931
Dov,Wheble,dwheble87@youtube.com,3333410753
Daryl,Lamplough,dlamplough88@wunderground.com,9872457307
Maryjane,Mancell,mmancell89@mashable.com,9494587702
Cyndi,Ridsdole,cridsdole8a@telegraph.co.uk,8456472652
Rik,Playdon,rplaydon8b@globo.com,2069186744
Fidelity,Rubanenko,frubanenko8c@narod.ru,7409152102
Ramonda,MacCleod,rmaccleod8d@gmpg.org,1675147516
Charis,Bastow,cbastow8e@pen.io,4896471466
Matthew,Moorfield,mmoorfield8f@friendfeed.com,2121066225
Albertine,Wybourne,awybourne8g@si.edu,4259064199
Gill,Ebbin,gebbin8h@flickr.com,3791815715
Caleb,Gilpillan,cgilpillan8i@mysql.com,6973566023
Gertrud,Dumphy,gdumphy8j@youku.com,8417569149
Sander,Hardiman,shardiman8k@answers.com,5624529555
Sari,Fairpo,sfairpo8l@tiny.cc,3639077779
Kassandra,Coleson,kcoleson8m@prnewswire.com,8132560840
Dionis,Ruvel,druvel8n@diigo.com,7113117971
Hunfredo,Lindblad,hlindblad8o@amazonaws.com,5949895798
Roda,Railton,rrailton8p@arizona.edu,2023575310
Billi,Eyton,beyton8q@joomla.org,5528640263
Basile,Pelos,bpelos8r@clickbank.net,1923142497
Ellynn,Kemmish,ekemmish8s@omniture.com,1311664543
Hansiain,Benasik,hbenasik8t@walmart.com,9226914357
Orland,Muzzini,omuzzini8u@tiny.cc,4616585713
Opalina,Stolberg,ostolberg8v@ed.gov,8428025316
Wilhelmina,Shilling,wshilling8w@businessweek.com,1158957870
Kip,Nand,knand8x@mapy.cz,5244498616
Tobe,Ziehm,tziehm8y@shop-pro.jp,7381202328
Mariam,Geratt,mgeratt8z@g.co,7148146069
Ibby,Bahlmann,ibahlmann90@smugmug.com,1878270386
Rriocard,Alu,ralu91@who.int,8799976569
Teresina,Fice,tfice92@ameblo.jp,8922765228
Waverly,Tourner,wtourner93@scientificamerican.com,6149258139
Kimberli,Chasmer,kchasmer94@marriott.com,4709953775
Lorens,Edess,ledess95@photobucket.com,6359240330
Marina,Hargey,mhargey96@feedburner.com,7237192810
Phillis,Girodin,pgirodin97@columbia.edu,8271408489
Tomi,Ricart,tricart98@wikispaces.com,6725504658
Magdalena,Hartnell,mhartnell99@dagondesign.com,8912732512
Vita,Dungey,vdungey9a@cdbaby.com,6555574457
Clare,Pollok,cpollok9b@wikia.com,3248357347
Flinn,Davydychev,fdavydychev9c@unesco.org,9576004782
Rodi,McGee,rmcgee9d@bluehost.com,3809877748
Murdock,Dilawey,mdilawey9e@paypal.com,6485502344
Alano,McLenahan,amclenahan9f@smugmug.com,5345483475
Werner,Lornsen,wlornsen9g@godaddy.com,2385116818
Pooh,O Mullen,pomullen9h@illinois.edu,2113170252
Cathyleen,Teodorski,cteodorski9i@technorati.com,9279175138
Retha,Maymand,rmaymand9j@infoseek.co.jp,4218566525
Binnie,Kellegher,bkellegher9k@ezinearticles.com,2239082925
Filmer,Pothergill,fpothergill9l@altervista.org,6353182106
Jennifer,Linkin,jlinkin9m@scientificamerican.com,1151302304
Luca,Cardenoso,lcardenoso9n@t-online.de,1406345361
Raquel,McCanny,rmccanny9o@altervista.org,5624017499
Germaine,Casarili,gcasarili9p@t-online.de,3586844347
Celine,Letten,cletten9q@thetimes.co.uk,2707206556
Ricki,Boyack,rboyack9r@disqus.com,6635265945
Jessalyn,Entreis,jentreis9s@scientificamerican.com,7301969749
Alyse,Dugget,adugget9t@hao123.com,2934487194
Randie,Boyne,rboyne9u@apache.org,1164978332
Lexis,Kilgrew,lkilgrew9v@bandcamp.com,2965103588
Burlie,Kegan,bkegan9w@npr.org,9351016340
Michel,St. Hill,msthill9x@ucsd.edu,6226580816
Nefen,Dundon,ndundon9y@goo.ne.jp,8983680948
Smitty,Geratt,sgeratt9z@msn.com,1737382322
Gloriane,Tenaunt,gtenaunta0@washington.edu,9837301356
Maxwell,Randerson,mrandersona1@wordpress.com,7345819221
Ingrid,Lankford,ilankforda2@a8.net,7673180584
Jon,Tureville,jturevillea3@accuweather.com,5298952794
Nicolette,Leyman,nleymana4@dmoz.org,5364062135
Arabel,Greenfield,agreenfielda5@lulu.com,1027562261
Camilla,Punch,cpuncha6@buzzfeed.com,5188804742
Rosalinda,Yearby,ryearbya7@flickr.com,9154421053
Alison,Josofovitz,ajosofovitza8@whitehouse.gov,1373629681
Emelyne,Kanwell,ekanwella9@ebay.com,9171301614
Waverly,Lampkin,wlampkinaa@exblog.jp,1414108983
Nobie,Flageul,nflageulab@ebay.com,9745163211
Anabal,Sent,asentac@shareasale.com,6029863376
Oliviero,Bertrand,obertrandad@stanford.edu,9129971514
Tammara,Huckstepp,thucksteppae@i2i.jp,2264777281
Darryl,Reinbech,dreinbechaf@house.gov,8208009564
Frederigo,Siddon,fsiddonag@slideshare.net,6917645326
Demetre,Heaffey,dheaffeyah@oracle.com,2346542321
My,Sears,msearsai@dagondesign.com,2309060771
Ike,Curror,icurroraj@guardian.co.uk,3017033561
Helenelizabeth,Domenc,hdomencak@fastcompany.com,6617467814
Gibby,Senter,gsenteral@cisco.com,7797770155
Toddie,Dessent,tdessentam@arstechnica.com,9437890403
Aloysia,Windless,awindlessan@google.fr,3878787752
Delly,Obee,dobeeao@cbsnews.com,4992417701
Miquela,Anfrey,manfreyap@opera.com,6561089158
Rawley,Tuckie,rtuckieaq@fastcompany.com,7979144493
Drusilla,Sawnwy,dsawnwyar@yelp.com,9769401562
Rees,Hazelby,rhazelbyas@lycos.com,1533717267
Theodoric,Yurukhin,tyurukhinat@salon.com,8252410185
Lila,Bowton,lbowtonau@cdc.gov,8201617462
Philomena,Davydzenko,pdavydzenkoav@ustream.tv,1036692116
Rosmunda,Fawley,rfawleyaw@acquirethisname.com,5379206747
Haven,Archibald,harchibaldax@telegraph.co.uk,4772424960
Genovera,Gaze,ggazeay@chicagotribune.com,3503897473
Webb,Kochel,wkochelaz@twitpic.com,9357205664
Sheree,Winkless,swinklessb0@independent.co.uk,1879268818
Addie,Moss,amossb1@bandcamp.com,3697859460
Katalin,Radke,kradkeb2@bizjournals.com,2428036793
Araldo,Skaid,askaidb3@marriott.com,7936517274
Terrye,Fronsek,tfronsekb4@theglobeandmail.com,3412577488
Mathew,Saddleton,msaddletonb5@squidoo.com,5949747721
Karilynn,Batecok,kbatecokb6@list-manage.com,2259708465
Sherill,Ducham,sduchamb7@time.com,1374079937
Kathryne,Rodenburgh,krodenburghb8@oaic.gov.au,3725899721
Lina,Merricks,lmerricksb9@drupal.org,3256302776
Vic,McGovern,vmcgovernba@slate.com,4461201983
Augusta,Wishart,awishartbb@nih.gov,6099036374
Davide,Antonov,dantonovbc@marketwatch.com,5608421543
Darrel,Sein,dseinbd@slashdot.org,5675361170
Lanie,Treweke,ltrewekebe@webeden.co.uk,3194365073
Joycelin,Crotty,jcrottybf@cdc.gov,7416998126
Layne,Skirvin,lskirvinbg@t-online.de,7999752828
Laural,Mattityahou,lmattityahoubh@naver.com,2923005384
Lucita,Titterell,ltitterellbi@opera.com,9687708524
Max,Shanklin,mshanklinbj@seattletimes.com,1275083620
Beale,Flea,bfleabk@biglobe.ne.jp,1497097527
Kelci,Bothams,kbothamsbl@boston.com,2095384721
Hallie,Williamson,hwilliamsonbm@jimdo.com,7348958380
Jeremiah,Sorensen,jsorensenbn@blinklist.com,2523451057
Paco,Wethered,pwetheredbo@foxnews.com,4455234013
Whit,Reed,wreedbp@kickstarter.com,8701716809
Lori,Addekin,laddekinbq@scribd.com,8659457334
Mariska,Brusin,mbrusinbr@netscape.com,5919715134
Wilie,Taggett,wtaggettbs@sbwire.com,8737847770
Amery,Haseley,ahaseleybt@wordpress.org,7327991783
Fran,Harflete,fharfletebu@tamu.edu,8502924394
Mead,Bream,mbreambv@prlog.org,5915161283
Luce,Bounde,lboundebw@slashdot.org,2034152179
Elisabet,Gurling,egurlingbx@kickstarter.com,3661515547
Ellswerth,Grund,egrundby@xinhuanet.com,2088543361
Merrel,Van Der Hoog,mvanderhoogbz@is.gd,7328235045
Annie,Dunmuir,adunmuirc0@aboutads.info,9645102030
Katrina,McWaters,kmcwatersc1@cnn.com,8233862711
Nari,Stoltz,nstoltzc2@jugem.jp,3731543856
Janine,Diment,jdimentc3@tripod.com,8207876762
Arlan,Ledger,aledgerc4@pagesperso-orange.fr,6344764156
Olva,Danser,odanserc5@simplemachines.org,6279752690
Marion,Fasey,mfaseyc6@guardian.co.uk,9051266812
Sheelah,Carus,scarusc7@yellowbook.com,7274308285
Godfry,Launder,glaunderc8@mayoclinic.com,8517308064
Barret,Cescot,bcescotc9@163.com,5327883210
Ilyse,Janning,ijanningca@constantcontact.com,3163516874
Wenonah,Perrington,wperringtoncb@behance.net,8792368684
Elke,Isakov,eisakovcc@nytimes.com,2923067038
Kyrstin,Dedham,kdedhamcd@businesswire.com,2831930986
Virginia,Strowan,vstrowance@army.mil,1111889531
Cally,Tweddle,ctweddlecf@unesco.org,3242067753
Sibyl,Arthy,sarthycg@netlog.com,2014952260
Kristan,Rollinson,krollinsonch@theguardian.com,2629726014
Maddy,Luxton,mluxtonci@live.com,4058336434
Audrie,Spatarul,aspatarulcj@nydailynews.com,2037851325
Zorah,Danshin,zdanshinck@cdbaby.com,4866912951
Olenolin,Pringer,opringercl@ft.com,2815114258
Eulalie,Winfindine,ewinfindinecm@1und1.de,9411932505
Thayne,Durrand,tdurrandcn@pbs.org,2054190042
Ozzie,Dockreay,odockreayco@businessinsider.com,3987621808
Ranique,Van der Brug,rvanderbrugcp@youtu.be,7268789934
Hadlee,Chrichton,hchrichtoncq@harvard.edu,2135570756
Liana,Kennler,lkennlercr@google.it,8236291458
Ilse,MacCafferty,imaccaffertycs@blog.com,2067484647
Tony,Darlington,tdarlingtonct@dropbox.com,2436708355
Prinz,Drakers,pdrakerscu@indiegogo.com,4751536848
Laina,Mohring,lmohringcv@dion.ne.jp,6533944555
Bank,Espina,bespinacw@geocities.com,7295042915
Flore,Rosenblath,frosenblathcx@about.me,3494542824
Lin,Hinchshaw,lhinchshawcy@thetimes.co.uk,1557247664
Emanuel,Meah,emeahcz@macromedia.com,9112868275
Revkah,Kleint,rkleintd0@blinklist.com,7906474765
Joe,Schruyer,jschruyerd1@mapquest.com,3892348990
Indira,Michelotti,imichelottid2@yellowbook.com,9373743501
Montague,Gilvary,mgilvaryd3@etsy.com,9133250662
Tildy,Perez,tperezd4@ezinearticles.com,1925404942
Jordan,Forsbey,jforsbeyd5@goo.gl,5839594724
Dorthy,Ervine,dervined6@patch.com,5855262629
Briant,Drewitt,bdrewittd7@barnesandnoble.com,4664901391
Erina,Coltart,ecoltartd8@furl.net,6046107745
Crystal,Valek,cvalekd9@yellowbook.com,7996413285
Maxine,Boddymead,mboddymeadda@plala.or.jp,6644115343
Aileen,Aikin,aaikindb@bbc.co.uk,4246446171
Lebbie,Billsberry,lbillsberrydc@marriott.com,5409313300
Malia,Fidler,mfidlerdd@yolasite.com,4722546966
Reinwald,Arnowicz,rarnowiczde@lulu.com,1366231257
Shaylah,Daverin,sdaverindf@paypal.com,8283776785
Oswald,Levay,olevaydg@4shared.com,1939794768
Beryle,Fridd,bfridddh@tripadvisor.com,4926373885
Ralf,Napoleone,rnapoleonedi@issuu.com,9724220465
Early,Roof,eroofdj@feedburner.com,8591387511
Augustin,Ladds,aladdsdk@technorati.com,6821971235
Caralie,Bruinsma,cbruinsmadl@technorati.com,4814584349
Ana,Rotherham,arotherhamdm@slideshare.net,5854476647
Darlene,Ditter,dditterdn@addtoany.com,1484477064
Daffi,Crooke,dcrookedo@slate.com,2172006908
Erda,Perdue,eperduedp@sun.com,6488018951
Hendrika,Edmunds,hedmundsdq@zimbio.com,4534054361
Jennee,Colpus,jcolpusdr@wikispaces.com,3412170569
Tiffany,Itzik,titzikds@rakuten.co.jp,8566398595
Lorna,Bangley,lbangleydt@hc360.com,9445609906
Teri,Woodrow,twoodrowdu@livejournal.com,9125256343
Brnaba,McKinnon,bmckinnondv@hao123.com,6902953714