first_name,last_name,email,password,address_id,phone
Blondell,MacBarron,bmacbarron0@devhub.com,6QXl0vO,34870,60109612
Devland,Loveday,dloveday1@sina.com.cn,dukUbrSD9Z1,9086,29901924
Minor,Venmore,mvenmore2@yellowpages.com,IjJQDHyw,19292,85479263
Dorisa,Emmerson,demmerson3@instagram.com,h9inpvaz09,5911,89819812
Edin,Jendrich,ejendrich4@shutterfly.com,7XHVmt4rB,7395,73449603
Doyle,Lyddy,dlyddy5@biblegateway.com,6DlQovZpAun,36640,53241396
Eugene,Orum,eorum6@usda.gov,3k75e7oT,31937,86361744
Marianna,Emmatt,memmatt7@dagondesign.com,AA2dlbutYyc,12097,33118764
Jackqueline,Shewsmith,jshewsmith8@google.fr,GqoR9CsO,36370,36435079
Ottilie,Arthey,oarthey9@blogspot.com,2qXXH3JTmtrn,1055,34843201
Elnora,Bonar,ebonara@indiatimes.com,ZnJ23x,36346,86182683
Bjorn,Figliovanni,bfigliovannib@themeforest.net,aHpNM88wZGdJ,12151,81351302
Phyllida,Dimblebee,pdimblebeec@miitbeian.gov.cn,9kee6VN4U2QB,11626,71226170
Poppy,Robet,probetd@sphinn.com,UqLS1L,8931,69884053
Stephen,Lambole,slambolee@nyu.edu,SpBzSF,19386,40017608
Bennie,Stocky,bstockyf@pagesperso-orange.fr,RQC4dWkkH,1653,29335623
Consalve,Hasser,chasserg@mtv.com,A6IAKoUr,35461,68911953
Laura,Yokelman,lyokelmanh@mac.com,fVmzNs0w,5856,85054498
Delphinia,Mayfield,dmayfieldi@ibm.com,2nGsMdnMwDe,31950,57292400
Bertram,Bain,bbainj@shop-pro.jp,8VdmqSh,34988,97445575
Kordula,Hamblen,khamblenk@nifty.com,vCsDqOM6DMD,7680,69774043
Bentley,Djakovic,bdjakovicl@disqus.com,nm36MqGamJS0,38353,85977048
Ursola,Bursell,ubursellm@abc.net.au,8EdT0RRWmvp,12606,44121616
Milissent,Paradis,mparadisn@ftc.gov,g45iUk7,31567,94492255
Valentin,Arling,varlingo@ycombinator.com,ZpTIEqBwBn,2682,52055999
Chastity,Gentile,cgentilep@irs.gov,LOuzkX,19928,72857594
Adoree,Milan,amilanq@harvard.edu,KZjpO2zAU,10201,73269834
Jordan,Finey,jfineyr@unesco.org,JxOum5x,39242,71864780
Arnuad,Lavalle,alavalles@noaa.gov,PMGLrjuDs5rv,14859,63926374
Ora,Matschek,omatschekt@fc2.com,7JYmg2D,615,21190211
Esme,Melloy,emelloyu@virginia.edu,H7UlLWD4ha,7687,36649897
Darrelle,Terney,dterneyv@zimbio.com,8LPqhtsV,22135,69790460
Suzie,Wards,swardsw@symantec.com,M9OOr4xQmk,34494,33347077
Martyn,Hanselman,mhanselmanx@wikipedia.org,cmcwTBSEMv,2984,28356512
Adriaens,Delete,adeletey@unblog.fr,fnzmbYwJl,992,29953279
Goran,Waiting,gwaitingz@independent.co.uk,N3VDsCyyJ2QD,36055,50753466
Tamar,De Laspee,tdelaspee10@senate.gov,g0NhLl,31517,91232839
Piper,Sneller,psneller11@sciencedaily.com,GzX8Y7N,20719,66817579
Viviana,Gaddesby,vgaddesby12@timesonline.co.uk,Zhqvpd4i,17800,21986090
Idaline,Renfrew,irenfrew13@ucoz.com,XrlAnU,10216,61562353
Felisha,Matteucci,fmatteucci14@slate.com,MDSuFnP,38957,42531644
Thomasin,Charlotte,tcharlotte15@hp.com,b7mGKuU,19043,21666867
Amandie,Lathe,alathe16@bbb.org,fgiI1qRkVrdg,20307,20434802
Zack,Otridge,zotridge17@cloudflare.com,bMMJgqg,27701,50766446
Adara,Cotton,acotton18@slashdot.org,GR5sFsKOb,20125,75402740
Donny,Tolefree,dtolefree19@walmart.com,r1XBUfY8AW77,36179,79487393
Carol,Gillanders,cgillanders1a@nature.com,gDXxQYbR5g,11371,93645188
Karl,Guyan,kguyan1b@bizjournals.com,sTKaTPl,13936,93000039
Nicolina,Stive,nstive1c@reuters.com,19EyPFy,3014,99176084
Demetris,Gabb,dgabb1d@nbcnews.com,Ip9FN6SXvNf,6014,87726081
Sander,Benneyworth,sbenneyworth1e@examiner.com,yKFOnOFl,28592,35219413
Arlan,Grisley,agrisley1f@ucla.edu,huuOceuXkDyC,676,29478725
Leif,Nilges,lnilges1g@ehow.com,xa4ZSxGWv,28253,87920589
Saree,Winsley,swinsley1h@hugedomains.com,IhhYlTkm,16318,76791966
Darline,Biagi,dbiagi1i@sbwire.com,G9tnqH,19791,66937773
Brit,Zannetti,bzannetti1j@xrea.com,yj8PDXwFP5DR,27693,91946256
Corene,Blandford,cblandford1k@nifty.com,h3jFg6hw,14197,77989158
Gusella,Sugarman,gsugarman1l@ucoz.com,fgjzuK6hH,7426,68645370
Rozalie,Bruhn,rbruhn1m@mail.ru,6CduX3GKgnw,37173,40159018
Gottfried,Nulty,gnulty1n@nps.gov,UYcdn7PNqOkT,26565,34130493
Georges,Yanshonok,gyanshonok1o@theguardian.com,lQMv9iwl,18378,95698501
Cordy,Elesander,celesander1p@umn.edu,CDLLVba9Fce,37680,57896607
Fulvia,Seekings,fseekings1q@trellian.com,tsqM39WdAK,6096,95672800
Sheppard,Benford,sbenford1r@fda.gov,XYSFp2SqMwDm,4896,71526925
Cinda,Huckster,chuckster1s@cnn.com,BjHvM1XS2,5565,86243284
Bethena,Eyrl,beyrl1t@pinterest.com,5hIDTGVJ,13841,57495382
Patten,Passmore,ppassmore1u@slate.com,HGazfxT5WDfx,26383,56059805
Kayne,Happert,khappert1v@uol.com.br,L2P2GrRob,4010,63106961
Bryn,Frood,bfrood1w@amazon.co.uk,d6OHN9,16217,54595764
Kim,Moss,kmoss1x@pbs.org,9fek1kCp1gUt,20145,39776867
Rafi,Quinnelly,rquinnelly1y@trellian.com,3xofV5GTP,19025,57601305
Marten,O'Carran,mocarran1z@ihg.com,ytaeay40X,3729,36177793
Consuelo,Frean,cfrean20@va.gov,7wR0g0qY,10359,27965684
Munmro,Kleinbaum,mkleinbaum21@vkontakte.ru,NfEYvyLL,3486,35913346
Jarid,Hansell,jhansell22@dailymail.co.uk,cFg0aI79SL,8080,42061693
Etty,Dobing,edobing23@mozilla.com,jYYRAsvVV0,36067,79137721
Noella,McKeady,nmckeady24@ft.com,5lGluYQAdST,36306,93626220
Jacinda,O'Crowley,jocrowley25@furl.net,0sGjWd4rBUnM,10908,92125493
Holly,Tite,htite26@newsvine.com,geHCUl02dp,7193,46149686
Dacy,Lesper,dlesper27@pagesperso-orange.fr,Xg8k66UrCFD,2881,63872452
Clark,Devon,cdevon28@theguardian.com,v5bQaPVH3jT,2320,44888653
Tirrell,Hallihane,thallihane29@meetup.com,JMVD51KXwbw3,15087,66929400
Katherina,Pembry,kpembry2a@virginia.edu,FhGTKwe,6491,98444512
Athene,McGillacoell,amcgillacoell2b@fema.gov,kBOwKwDPDK9s,21534,86018729
Netti,Macartney,nmacartney2c@dyndns.org,JsucNMkr,39060,35072154
Yorker,Oxlade,yoxlade2d@ycombinator.com,TthPp2,9000,20352431
Rhys,Northbridge,rnorthbridge2e@vk.com,3WkB5Fjtx,33270,30850884
Nelly,Filipychev,nfilipychev2f@eepurl.com,HFldga3k,37495,44390078
Ethelind,Sheppard,esheppard2g@independent.co.uk,GKkO5bHiRT,11934,90742413
Alfi,Askie,aaskie2h@tuttocitta.it,oIfyfY,35756,52743290
Nerte,Robun,nrobun2i@123-reg.co.uk,s2PAe0SoRkJ7,10022,61134822
Powell,Trahearn,ptrahearn2j@cmu.edu,d5B1S8y,21448,72882460
Gasparo,Deviney,gdeviney2k@ameblo.jp,wiszXP4RMn,11634,20674601
Niccolo,Foxworthy,nfoxworthy2l@unesco.org,0UdiUxO4E2uw,18,62231218
Yoko,Elnaugh,yelnaugh2m@lulu.com,ShlAgfJGZoWt,28632,88640989
Prisca,Obee,pobee2n@paginegialle.it,GVxqscx,3808,33832463
Raimundo,Primak,rprimak2o@dyndns.org,zIESQvdMa,11326,23610008
Goldina,Heam,gheam2p@cnn.com,viokgJK9Ho,30943,20749253
Sherman,Hopkins,shopkins2q@fotki.com,r9gxhSYN9d,5826,92953633
Renie,Humes,rhumes2r@cloudflare.com,29tOtQc,39165,73498432
Brigit,Pottage,bpottage2s@sciencedirect.com,Q1GABzRt1HR,30593,99191972
Pamelina,Patrie,ppatrie2t@ameblo.jp,RY6RiRTK,11118,88224716
Ruby,Stainbridge,rstainbridge2u@gnu.org,9jxR4F5,11925,80657304
Darrell,Barlie,dbarlie2v@addthis.com,WTh89j1O,15390,49106527
Bliss,Veevers,bveevers2w@diigo.com,vSAGBGMXciI,22911,41135774
Ruben,Minguet,rminguet2x@tuttocitta.it,DuPjS4,34087,26794947
Riva,Merrien,rmerrien2y@noaa.gov,URjQqlz,23611,44317529
Vladamir,Callingham,vcallingham2z@shutterfly.com,7xZnqioFWwz,306,55601302
Xena,Slopier,xslopier30@ebay.com,33E5mJ80t,29106,65257851
Ddene,Littlefield,dlittlefield31@auda.org.au,iKX5io6Hd,1325,29549024
Annice,Maccaddie,amaccaddie32@ovh.net,wAW4coxFZO,27271,75431148
Gerald,Hackworth,ghackworth33@examiner.com,wNAYUn,39133,22648907
Thor,Chesswas,tchesswas34@toplist.cz,UPs7mTL,32050,68899859
Ingeberg,Bilsborrow,ibilsborrow35@archive.org,P6O5okfi,22507,42185831
Lesya,Sedgebeer,lsedgebeer36@businessweek.com,h9aNqpzVB,8311,83058145
Rosanna,Hold,rhold37@mail.ru,sC8tun1UJ,14201,60262020
Catherin,Tamblingson,ctamblingson38@istockphoto.com,hRULAr94P8nS,23671,33951376
Raphael,De Hailes,rdehailes39@constantcontact.com,rPN5WHksX9Ef,39170,36189597
Lari,Wareing,lwareing3a@sphinn.com,pJnNnw2ty,70,98551684
Kaylil,Suttling,ksuttling3b@parallels.com,mf2XToue,17547,43545883
Gary,Leyre,gleyre3c@engadget.com,HALAAuX,21325,64836304
Lucilia,Cowie,lcowie3d@buzzfeed.com,VSMkdScEU,14168,73822379
Gar,Mettricke,gmettricke3e@nymag.com,sCbFzCv,14732,95394356
Bartholemy,Littlefield,blittlefield3f@reference.com,F1fzOl,5836,59491757
Barth,Spreadbury,bspreadbury3g@t.co,XLNrLc,10858,82043689
Chandler,Hubner,chubner3h@prlog.org,H28zRK7,4947,54077955
Leanora,Lindblad,llindblad3i@cdbaby.com,Ajz7dDtkK6BH,19561,44463376
Eliza,Willimont,ewillimont3j@trellian.com,IX0wJhD,10130,84718359
Chaddie,Esgate,cesgate3k@fastcompany.com,qMfJNlb4yMq,31488,70521782
Aarika,Haddrell,ahaddrell3l@bloomberg.com,toswqLv7Awk,5017,52094986
Clari,Brackstone,cbrackstone3m@artisteer.com,Q44I7S,3995,72557501
Mame,Fugere,mfugere3n@sciencedaily.com,BHSW9ShxFC,29251,50619402
Lesli,Grattage,lgrattage3o@digg.com,NNbdePi,36556,87061389
Hollis,Tipple,htipple3p@fema.gov,nD8YNBlKT,23205,32705314
Katha,Gerritzen,kgerritzen3q@posterous.com,fT3sMwJlPT,17827,29938835
Wilie,Gley,wgley3r@google.com.au,sHF6enF0g4,29150,71277012
Katuscha,Easey,keasey3s@mlb.com,fvhnq87,11070,22288870
Graig,Gaddes,ggaddes3t@google.com,PEc0jPCo,18573,87646513
Irena,Shakelade,ishakelade3u@ustream.tv,awD448pEg,5928,66769523
Farrand,Addionizio,faddionizio3v@usa.gov,aZie9CgL2OZ,32179,95571975
Glenna,Sissens,gsissens3w@e-recht24.de,IBLxsSzMwG,10616,30513150
Barrie,Cashford,bcashford3x@behance.net,p09uZR,13810,79606181
Jyoti,Mapother,jmapother3y@clickbank.net,vI9vknrH0g,31680,96970841
Ingeberg,Covington,icovington3z@wordpress.com,fEwWYnxl,14970,46391309
Floyd,Gauld,fgauld40@jigsy.com,IvJIPUv,17773,74601060
Fernando,MacDonough,fmacdonough41@ebay.co.uk,DTyFKu,26725,53499258
Lamont,Staddom,lstaddom42@163.com,ofwu1VKMw,4711,25933788
Daphne,Steen,dsteen43@youku.com,bsTWGLNzJWG,27786,82759040
Alanna,Balham,abalham44@wikia.com,WFlsnqfRd6,12561,69969972
Lora,Danilyuk,ldanilyuk45@microsoft.com,yRIZC1,28904,99277292
Lory,Kelsell,lkelsell46@japanpost.jp,1Bd38q2P,32050,48591740
Linell,Leinthall,lleinthall47@squidoo.com,vlGPg2LHpj,28108,59361172
Silvio,Tommasi,stommasi48@tamu.edu,FcDkbqyu,4862,39340944
Bathsheba,Siehard,bsiehard49@nps.gov,hkLqEvwfu,4426,31632758
Raviv,Andriessen,randriessen4a@com.com,6gqOtsGT,5268,37299619
Aile,Inglesant,ainglesant4b@ucsd.edu,edw0n7UTTCf,21229,57450038
Tab,Volk,tvolk4c@hugedomains.com,XSzKD61rjNh,33148,39633841
Phil,Hegel,phegel4d@ycombinator.com,2UiyXAaljy,35938,55805424
Elna,Sheffield,esheffield4e@plala.or.jp,1HmbeFpPLI,5991,52970358
Theda,Saller,tsaller4f@geocities.com,V1FYPaJeSq,16472,82832139
Andros,Izac,aizac4g@rakuten.co.jp,5z53u8,6167,41894208
Ajay,Gosselin,agosselin4h@gmpg.org,hhow9Oasi,36311,27343584
Win,Saltsberger,wsaltsberger4i@icq.com,PCnqna55px,18779,37145814
Benny,Griggs,bgriggs4j@ning.com,cxQLZlJTu,29666,55098614
Elijah,Rebeiro,erebeiro4k@youtu.be,Gfs2cj8TELFw,140,83651591
Petronella,Capponeer,pcapponeer4l@ycombinator.com,uMAlds,9008,42354878
Odo,Teenan,oteenan4m@ucoz.com,6wTlKUUTE,34998,95697008
Nappy,Ebden,nebden4n@mozilla.com,CogLsc,26047,23199205
Parke,Shakespeare,pshakespeare4o@utexas.edu,PMHqspG,2415,42151571
Maitilde,Wogden,mwogden4p@is.gd,UYjhzuVl,14519,39170692
Celene,Nairy,cnairy4q@digg.com,jLGl1p7Q,2355,71430751
Dav,Loughlan,dloughlan4r@fc2.com,s3WW7RaBhd,5905,33481954
Gaile,Coniff,gconiff4s@last.fm,gH9jpN,167,26753569
Misty,Schukraft,mschukraft4t@wufoo.com,Z8CvZDOcOr,30511,68719709
Fifine,Lambirth,flambirth4u@feedburner.com,9fmuhk,28672,39269326
Ransell,Moulson,rmoulson4v@google.nl,fEwER59CQ,35815,63013343
Odilia,McGillicuddy,omcgillicuddy4w@squidoo.com,wRiLeMfA,23287,35127684
Courtney,Bolesworth,cbolesworth4x@tripod.com,23fmxHR,34527,90906167
Gawen,Izakov,gizakov4y@upenn.edu,udCWcn,9968,31277126
Emlynne,Housley,ehousley4z@gnu.org,urOmmSssMhro,6297,75921137
Tristam,Gallahue,tgallahue50@princeton.edu,KbMJwsSl,26780,25257957
Esta,Cretney,ecretney51@imageshack.us,yojPd1,4684,99709707
Feodora,Igonet,figonet52@mashable.com,YvZ5JiZ,1008,65674341
Edgard,Moulin,emoulin53@adobe.com,fswhVw,24405,24700633
Merry,Rigardeau,mrigardeau54@psu.edu,JGndWBZKb,28206,72968300
Binnie,Bates,bbates55@soundcloud.com,QIdI9b5O,9665,89291051
Eleanor,MacSkeagan,emacskeagan56@telegraph.co.uk,9B3pD6yGY,35709,42122847
Eilis,Gathwaite,egathwaite57@photobucket.com,Qxg9fayq,15717,29301066
Seumas,Peeters,speeters58@mashable.com,nAHW7mEGZjh9,34257,78712449
Levi,Marcinkus,lmarcinkus59@hp.com,7vlf4aVt,16117,46345645
Clyde,Clymer,cclymer5a@google.nl,pnzPIUgiEs,5800,22351918
Matteo,Dumbarton,mdumbarton5b@wired.com,cFu13a,30120,45555521
Blakeley,Robak,brobak5c@reddit.com,1hBaASP40D,33514,35995706
Pauline,Reeman,preeman5d@163.com,MDvbIoBN,9810,36640064
Salomo,Lattie,slattie5e@dailymail.co.uk,oGnRBBEEGlTI,36392,48119654
Roderigo,Voas,rvoas5f@nasa.gov,l1GebfK,35931,89543587
Godwin,Dumberell,gdumberell5g@google.nl,k0icjMaIGnLP,29043,50143071
Tabor,Bertin,tbertin5h@trellian.com,nR9izZN3LTn,34152,77266648
Grantley,Cayet,gcayet5i@technorati.com,sGQSUy,19650,36642842
Corri,Pavluk,cpavluk5j@gizmodo.com,LaxN7xutFeXF,5915,39224810
Kiley,Goodred,kgoodred5k@mozilla.com,g8AKXrVMhDq5,13941,59731503
Dianna,Kinahan,dkinahan5l@liveinternet.ru,KFkQHSA,36711,58663907
Nanine,Newhouse,nnewhouse5m@wikipedia.org,vH28EBPj2,15691,95029745
Rudolf,Hurch,rhurch5n@pagesperso-orange.fr,rEFyqUNQ,16943,27423855
Cherri,Cozins,ccozins5o@amazon.co.uk,IP23jPwpN,34061,21107516
Titus,Lawley,tlawley5p@blinklist.com,ra0P5J,4328,98586592
Melesa,Bryers,mbryers5q@mapquest.com,N7lANHe6WIvD,24620,53365681
Sissy,Stockoe,sstockoe5r@bandcamp.com,h8GezKXKZV,22411,87259998
Sadella,O'Corrane,socorrane5s@themeforest.net,ci9ByvH,19592,27541467
Afton,Kyrkeman,akyrkeman5t@ebay.co.uk,0yaHfnW0,1304,77880470
Nita,Chavez,nchavez5u@elegantthemes.com,rBUl9fSJ,34998,84355963
Sol,Vandenhoff,svandenhoff5v@google.com.au,4VFFt1,28505,20466858
Diarmid,Ewings,dewings5w@webmd.com,ruXoRa,17443,91713303
Flynn,Slayton,fslayton5x@yandex.ru,6ejozOUY7X,38141,21115019
Connie,Algeo,calgeo5y@privacy.gov.au,PybzNPeTIDr,7825,94857974
Shayne,Isted,sisted5z@berkeley.edu,EP4vTRvclZNK,11191,43008050
Haroun,Espie,hespie60@ehow.com,KGFISCDM7f,33243,99839309
Gerik,Valentine,gvalentine61@aboutads.info,TQ2NOskbIg,25644,57270375
Ky,Christer,kchrister62@europa.eu,bi5cIfDM1,30866,53992206
Darren,Sneller,dsneller63@dedecms.com,HXNPTjsrI0q,1663,78138305
Maurice,Zuppa,mzuppa64@phpbb.com,vDHDzyR,33099,38479143
Harley,Rannigan,hrannigan65@latimes.com,4aFa01DJSt5,25820,81583766
Myrtie,Kuhnhardt,mkuhnhardt66@tamu.edu,VENnpvP39jG,37155,60489506
Faye,Viveash,fviveash67@seattletimes.com,q9vrGHD,37222,44586357
Darsie,Mence,dmence68@wikia.com,Luj4sqKb,35018,56966510
Sigismondo,Walklate,swalklate69@dmoz.org,7aasw0ni6,18321,40640679
Hussein,O'Lahy,holahy6a@blogtalkradio.com,moj8glBmXX8,21052,39845305
Corinne,Gayton,cgayton6b@scientificamerican.com,uQfYBDRZ,20549,34373299
Carlye,Taillard,ctaillard6c@tumblr.com,EF0GAP,18453,56789879
Ogdan,Engelmann,oengelmann6d@independent.co.uk,kVUpnS,32495,36887478
Shell,Marginson,smarginson6e@mtv.com,RujQvXlZPb,18583,99688830
Killie,Northill,knorthill6f@google.co.uk,QKBv8Jdeq,9260,43293598
Creighton,Haslin,chaslin6g@bing.com,LxXTLSBx,601,29009279
Adena,Mathonnet,amathonnet6h@alexa.com,wIiu1Ie,30396,30975712
Eudora,Staddart,estaddart6i@nbcnews.com,IkLuJRsi78O,29220,36106191
Michel,Beardsell,mbeardsell6j@ucsd.edu,qgeou6kEmwc,32866,53255123
Traci,McNish,tmcnish6k@linkedin.com,ZvhzQmY3s4T,37835,23693054
Rutter,Herety,rherety6l@admin.ch,qRR2RAL,20151,32090096
Ahmed,Wycherley,awycherley6m@jigsy.com,ZHGaEu9puuih,36885,61372463
Nevile,Ughi,nughi6n@senate.gov,AWmpwkI3,1430,52443113
Caleb,Dignon,cdignon6o@ning.com,p1TN0YN,2225,83744733
Tore,Jedrachowicz,tjedrachowicz6p@archive.org,m8YSJ5Txb0i,7001,87705593
Karia,Woodham,kwoodham6q@hp.com,VaEfWHM0eV,38231,44457982
Anne-corinne,Kenwright,akenwright6r@mlb.com,QknDcZ,25159,64046128
Gina,Molson,gmolson6s@naver.com,W5uLbNg2l,38518,92862918
Adolpho,Boow,aboow6t@webeden.co.uk,AhiMPQluC,11366,40299515
Hobie,O'Cooney,hocooney6u@state.gov,GjKBtfK,34122,53432570
Patrizius,Scrammage,pscrammage6v@ted.com,qoH26WrXWq,12125,66370215
Berkeley,Dobkin,bdobkin6w@google.nl,sKNeZQLNB,26780,52746461
Leena,Howsley,lhowsley6x@dailymotion.com,UwTXrdN0,14097,61942750
Isabelita,Gantley,igantley6y@devhub.com,4NoxzIy,37645,47957241
Wildon,Odam,wodam6z@state.tx.us,YboXjFayw39,22847,86723798
Shelbi,Posnett,sposnett70@epa.gov,hrb9IgfZLs,26965,65255737
Manon,Stanning,mstanning71@delicious.com,N0vlMjIR,37350,62511049
Maurizio,Grollmann,mgrollmann72@free.fr,dtVgk87P6,33731,62276541
Rufus,Averay,raveray73@redcross.org,gKCIEU,1762,23825885
Jerrilyn,Bywater,jbywater74@ucoz.ru,QwcvCpLTd,23842,93390169
Marcos,Bierton,mbierton75@histats.com,5HwdJLZgwJ,8706,56121825
Isadora,Kempton,ikempton76@ovh.net,y3udpZEc2,10106,58308509
Burnard,Korous,bkorous77@opera.com,DSKNNHxg,7043,26823393
Xymenes,Wakely,xwakely78@harvard.edu,Gisoryn,33462,67406830
Jodie,Archer,jarcher79@theatlantic.com,d4ZyduwYti,32561,33221869
Nonah,Pablo,npablo7a@paginegialle.it,jtLZzh8,8061,77977501
Dari,Le land,dleland7b@blogs.com,gVrbdq,28707,89057788
Kathi,Clerke,kclerke7c@noaa.gov,OsTI0gIHC,29191,35268614
Romeo,Gamell,rgamell7d@vinaora.com,N5Y2n2,32450,98447001
Jermaine,Domelow,jdomelow7e@smh.com.au,s9nF35Z,18358,41177262
Dana,O'Dowling,dodowling7f@washingtonpost.com,jHn8TEamZ4,15503,31664349
Rennie,Turnpenny,rturnpenny7g@washingtonpost.com,8QPuBGLJ,1748,31228830
Leyla,Pawsey,lpawsey7h@slashdot.org,83nAb7PYm,15653,83422993
Bailie,St Clair,bstclair7i@miitbeian.gov.cn,VMKVfTfg,27510,22059118
Fergus,Setterington,fsetterington7j@dedecms.com,nhkjyIIS,24751,40095495
Michaella,Bendare,mbendare7k@admin.ch,yFOLPAynvc,8075,30364555
Ellery,Lanphier,elanphier7l@qq.com,8Miro1,22734,39803188
Reinwald,Tanslie,rtanslie7m@scribd.com,Q3AwftGtYV3,28333,91021072
Hildagarde,Cadagan,hcadagan7n@t-online.de,xO1GBc,31791,73532967
Faustina,Kilfedder,fkilfedder7o@boston.com,tyQmh681NPR,25143,21279586
Christophorus,Hymas,chymas7p@sina.com.cn,Qd6VUHuYWYe,18031,92339923
Kellen,Lamperd,klamperd7q@linkedin.com,cdmEOKK6Tx8,11458,99636784
Enrika,Gluyas,egluyas7r@ameblo.jp,HsVQ61TT,31211,29478408
Florian,Baddam,fbaddam7s@blinklist.com,bJqcwNXwPR9,3345,89426312
Reine,McGiveen,rmcgiveen7t@twitpic.com,3rBTT3,33263,86700813
Mortimer,Tregenna,mtregenna7u@blogspot.com,eFnTqJV,16729,59996567
Caprice,Perchard,cperchard7v@csmonitor.com,Nu9MsC0vw4Jc,28801,31659285
Alfie,Tomkowicz,atomkowicz7w@stanford.edu,I332fU,10010,89692059
Vinson,Dutnall,vdutnall7x@marriott.com,dDG5fmImLoqd,24459,63944416
Cassius,Poles,cpoles7y@youtube.com,fuv27QBu,19496,30968927
Karil,Armitage,karmitage7z@mail.ru,fxNY2AzZMSAR,13207,55804259
Asia,Tonge,atonge80@scribd.com,10FAWBOr7si,16195,51338564
Isa,Pippin,ipippin81@spotify.com,EENIQJFtvq,20148,40846586
Sydelle,Woodfield,swoodfield82@behance.net,QIWsDuMuQaK,14527,35858652
Chev,Burkhill,cburkhill83@jalbum.net,q1e1qqir3,16726,95895992
Katleen,Denerley,kdenerley84@about.com,JXwzHsaf4hQ,8666,22398787
Jamie,Scholefield,jscholefield85@reference.com,Fck7euqvl,32462,51373070
Irita,Mityushin,imityushin86@oracle.com,ycBGrM5ts,12671,95973933
Juli,Babidge,jbabidge87@ocn.ne.jp,jlhJ1w0DJD,10553,73513204
Thomas,Blankley,tblankley88@woothemes.com,ZNtKvKFcBKPd,25506,99839013
Chucho,Mockes,cmockes89@amazon.co.uk,8OMUxCb,1452,38397488
Nathaniel,De Cleen,ndecleen8a@bizjournals.com,Sb8HafqcUH,10880,51680944
Erasmus,Dowrey,edowrey8b@liveinternet.ru,PzKe5THi8L15,23771,90211441
Claudelle,Lindores,clindores8c@ucla.edu,evatT7db70DS,700,44124735
Elonore,Duley,eduley8d@sourceforge.net,KHKfddU13j,32671,64549614
Ewell,Leal,eleal8e@squarespace.com,hMZm6u,7370,69438914
Roderic,Benini,rbenini8f@howstuffworks.com,PvP9X87,17852,73154539
Ricoriki,Pennicard,rpennicard8g@cdc.gov,uTE77VWng,3092,73369547
Berk,Headey,bheadey8h@businesswire.com,POCGiNA,33548,54228222
Sadie,Hairsnape,shairsnape8i@typepad.com,Rld4Gc0N74VW,34709,22425506
Buddie,Milington,bmilington8j@statcounter.com,zxrmTgnfecc1,6013,72124510
Patric,Bottrell,pbottrell8k@aboutads.info,uf7Gcg,3616,85419916
Nomi,Kidds,nkidds8l@illinois.edu,P9d0yMw,27125,66526290
Eolande,Shuter,eshuter8m@mozilla.org,x4yNcs,6131,33126158
Hastings,Turnpenny,hturnpenny8n@yellowpages.com,ncJcmdzvp,5210,76137757
Cati,Capehorn,ccapehorn8o@spiegel.de,fWknM8,6846,81464066
Aldric,Roo,aroo8p@meetup.com,k4dfmaDqid,28225,22069929
Clemens,Gouth,cgouth8q@army.mil,9KXevk4akV,33371,30950108
Stefan,Shirtcliffe,sshirtcliffe8r@si.edu,JZhg0CM,1111,67210690
Noach,Mallinson,nmallinson8s@imgur.com,3v7SbB5Z23s,6738,83147975
Sallee,Kendle,skendle8t@bbc.co.uk,3AcSck5A,31725,44809916
Zorine,Quadri,zquadri8u@yahoo.com,UoT5Zk1,23516,47503136
Sean,Lindsay,slindsay8v@psu.edu,ZHUD1n6sYcWU,27927,48929334
Norma,Winsom,nwinsom8w@google.fr,1PvMrp9kp,3907,64483218
Nigel,Haylock,nhaylock8x@cdc.gov,8J4Ud8rE73N,36941,32640198
Noe,Challin,nchallin8y@berkeley.edu,zigZF0wdMRe,1064,91627480
Alis,Davidove,adavidove8z@marketwatch.com,F5aPKXZfNnS5,5094,42335024
Jemie,Gertray,jgertray90@google.com.au,PWXslEWHhbKf,13553,56737377
Jackquelin,Van Baaren,jvanbaaren91@tinypic.com,qbPWkG,4178,43046438
Valina,Keast,vkeast92@live.com,OhWE3p,33825,26264434
Palm,Lomasney,plomasney93@sitemeter.com,LAFkrmwM,27729,72464049
Kelbee,Girardez,kgirardez94@imgur.com,zaqAigVU,27103,91420780
Dodie,McIsaac,dmcisaac95@tmall.com,M4nFiNLO,25637,91835520
Essie,Starling,estarling96@columbia.edu,jbGf9eVXHu,15110,65454286
Chase,Van T'Hoog,cvanthoog97@newsvine.com,fqBXmOY7iaL,16305,74730924
Ashleigh,Figge,afigge98@wufoo.com,HVun0Q,9525,60926351
Bourke,Jennens,bjennens99@epa.gov,FrBRyW,667,64063904
Derry,Pinkney,dpinkney9a@uiuc.edu,UfMO50J,33921,85772038
Lindy,Rowlett,lrowlett9b@51.la,sIlUypKPfqc,6426,45728299
Charin,Daniells,cdaniells9c@ucoz.ru,89Rl6XjOpQ,25996,49724552
Gary,Walworth,gwalworth9d@census.gov,OdNtS4I2hi,35055,66386158
Bertina,Matussow,bmatussow9e@nymag.com,bALt95oIzDC,12442,88288137
Kriste,Dunbobbin,kdunbobbin9f@bizjournals.com,1nJ65i09F,1002,47866615
Jacquelin,Smallthwaite,jsmallthwaite9g@addtoany.com,yKvVatZ5,13062,41446458
Lynnet,Leipold,lleipold9h@virginia.edu,dFAv8Jzbpn,10230,89126410
Stearne,Colnet,scolnet9i@cpanel.net,sQx9VO,19540,36170770
Reinaldos,Oakly,roakly9j@cornell.edu,YxBmCI,10135,23818543
Perceval,McGowing,pmcgowing9k@live.com,UnYs4SH0Q0S,17753,69946325
Myrtle,Castel,mcastel9l@tripod.com,YOCF1hoXuV,822,28066446
Lizbeth,De Cruce,ldecruce9m@whitehouse.gov,nrgkSuUh,6347,59426194
Sandy,Fligg,sfligg9n@alexa.com,ORpdXnYBQF,30455,95546813
Valida,Huband,vhuband9o@simplemachines.org,LjPpFvPHhPC,32857,58399311
Saundra,Emerson,semerson9p@imgur.com,MG9rUPq,13806,21912756
Shirleen,Malthus,smalthus9q@hubpages.com,fVAV2Bb,11977,66585325
Tresa,Spradbery,tspradbery9r@a8.net,WowkGALq,26644,23433148
Lothaire,Crummy,lcrummy9s@vk.com,RvqyyXi,17785,26646919
Blakelee,Burn,bburn9t@mit.edu,E8klayaQ7,10458,32233635
Carma,Panas,cpanas9u@is.gd,oCEaBSSoiv,97,41084403
Mandie,Abbet,mabbet9v@xing.com,2XunWQk6k,2539,84038677
Jamey,Precious,jprecious9w@umich.edu,aWLjHgD1Qn8,8015,90273038
Clarine,Kaszper,ckaszper9x@tinypic.com,9heEq1OM,4071,35079055
Maryellen,Jepp,mjepp9y@wisc.edu,SzflHZ,27267,77729294
Wat,Mishaw,wmishaw9z@gizmodo.com,ck2qZW,24287,99669233
Karie,Romero,kromeroa0@webs.com,67sGiy6Vtj,35520,48007042
Colver,Brignall,cbrignalla1@addthis.com,wdBeOLr,30265,62533366
Tove,Forsaith,tforsaitha2@archive.org,4IFanKWNZn,37840,40741368
Ignazio,Derrington,iderringtona3@whitehouse.gov,cY9zO3Gm,16639,42475136
Freeman,Brokenbrow,fbrokenbrowa4@imgur.com,oVsRaEE11JY,3770,51795777
Nester,Punch,npuncha5@oakley.com,Wd7CzA5U,15945,52691688
Omero,Neeson,oneesona6@gravatar.com,6HgOCihxpgi,9445,88734024
Waverley,Noar,wnoara7@netscape.com,WJVBibBXZ,12641,27791844
Gayler,Cardenosa,gcardenosaa8@nationalgeographic.com,Kb1jJftF,9898,30655216
Evanne,Wayvill,ewayvilla9@columbia.edu,KP4YPWLFA,32569,28636891
Wilden,Van der Linde,wvanderlindeaa@usatoday.com,xK2TaEMGcwTs,12662,39860482
Olivero,Bellerby,obellerbyab@elpais.com,DpNbJtkkxx,7189,26043689
Gib,Simester,gsimesterac@nbcnews.com,fHOBSsFF,25594,93519741
Iggy,Jendrys,ijendrysad@hp.com,wl6xDY,9170,26196391
Maury,Gludor,mgludorae@cloudflare.com,wSLP3BAXW,14294,51046348
Tristan,MacKibbon,tmackibbonaf@intel.com,D4v29sr,33702,91500449
Norby,Lanham,nlanhamag@youku.com,nTaZfKD,36876,73458161
Mahmoud,Compson,mcompsonah@squidoo.com,CRoXfQ,31702,43027595
Elnora,Safhill,esafhillai@about.com,NIeMSrbbZO,12536,95300597
Junie,Forsdyke,jforsdykeaj@omniture.com,zjB7KwrcL2,3852,48617293
Sharl,Swanton,sswantonak@ucsd.edu,N8p4DQV,30257,38317642
Killie,Ashfield,kashfieldal@ihg.com,9qRVhQ6,17215,27354314
Fransisco,Mease,fmeaseam@baidu.com,hwXDqMuYhIYK,16933,56793720
Tessi,Rushman,trushmanan@elpais.com,u911Sv,20570,93902988
Joella,Senescall,jsenescallao@msn.com,RuNGSsbDLf0,4645,30543525
Burgess,Cowely,bcowelyap@purevolume.com,PKboPBkVT6UC,24799,45229472
Sileas,Ewan,sewanaq@google.com,Nq2QLH0Nghj,6106,85640891
Aylmer,Hessle,ahesslear@jiathis.com,zCNALcoNW,20035,39632271
Giorgi,Curado,gcuradoas@dyndns.org,JYS0mSh4oK,17845,88803069
Hallie,Marguerite,hmargueriteat@zimbio.com,FfivMnopNb2,16203,62237556
Bart,Northley,bnorthleyau@archive.org,fueCLthKFq,31886,90906933
Elmira,Sabbatier,esabbatierav@blinklist.com,o2JmNygr,5124,96145283
Dulciana,Bainbridge,dbainbridgeaw@reverbnation.com,0kQUCnI8e6hJ,29768,86088810
Irving,Pamphilon,ipamphilonax@bloglines.com,7wscJsBr9S,36061,90719428
Sidoney,Teather,steatheray@ted.com,iX8mij9hr,12252,62753452
Ali,Stowell,astowellaz@imdb.com,K12v9aZ8Z,33015,23444094
Wenda,Vicioso,wviciosob0@pinterest.com,ykt04F,14068,41028218
Kalina,Ginnaly,kginnalyb1@behance.net,Z2IFGM6Jyb,37969,29026082
Lyell,Tonkin,ltonkinb2@cloudflare.com,TyMTbfuGw,24968,60307819
Say,Amsberger,samsbergerb3@usa.gov,BNvc5brw,15466,67161027
Gayle,Demkowicz,gdemkowiczb4@economist.com,ddOAGmrPYfJ,15686,99277585
Tiena,Lattka,tlattkab5@hao123.com,SVAhONpemxrj,22613,61655436
Blythe,Attree,battreeb6@ucoz.ru,x3EOrbJy,438,44140694
Zackariah,Peacey,zpeaceyb7@berkeley.edu,Tz1Uf0r1,21186,48240297
Corbin,Hullyer,chullyerb8@mit.edu,I4e1Gk70,13601,51217786
Fae,Fitzpayn,ffitzpaynb9@goo.ne.jp,B1soYbLcdoIY,30389,72664109
Marissa,Alvar,malvarba@storify.com,1Jyxh2R2P,7557,67626687
Alecia,Walne,awalnebb@gmpg.org,YU7sq6Z,31487,23063233
Jephthah,Byford,jbyfordbc@dion.ne.jp,b07PIILgpaM,32667,22143357
Agosto,Longstreet,alongstreetbd@reverbnation.com,gy1OWegF0CqK,18153,99505257
Daisy,Kermit,dkermitbe@people.com.cn,IdiwurFdT,16010,91075742
Miller,Gellert,mgellertbf@purevolume.com,oE1Ocf,19024,34932548
Fan,Chaves,fchavesbg@kickstarter.com,Ht3VzkgZpqJ,6282,53879963
Freeman,Ilyenko,filyenkobh@slashdot.org,Kht2x84iyK2,2174,52143352
Loralee,Dunstall,ldunstallbi@blinklist.com,eCXpnnIfx,317,40393170
Rosaleen,Sealand,rsealandbj@answers.com,9Q5RKST,31678,45714018
Rhetta,Arends,rarendsbk@cnbc.com,mSxTKbhVG,5520,52033311
Meyer,Bener,mbenerbl@toplist.cz,6jMUL71JRc,10111,75574639
Audrey,Pallatina,apallatinabm@wordpress.com,SkEpa2H,34924,66488553
Dorette,Lount,dlountbn@icio.us,ckEAJwZHoW,32214,92237482
Allyn,Oxford,aoxfordbo@senate.gov,cBPlFPE,9793,35159431
Marnia,Wyness,mwynessbp@nytimes.com,lVQBTPFXg,27416,41476425
Leandra,Polini,lpolinibq@auda.org.au,irNck3,21415,49101093
Monah,Snoding,msnodingbr@liveinternet.ru,LBAkNKc,19220,59100951
Concordia,Covotto,ccovottobs@technorati.com,KXYckZ,33078,77713043
Alex,Conrad,aconradbt@bigcartel.com,p64yt0PJVI,978,69732014
Elisabet,Keigher,ekeigherbu@tinypic.com,U5v7soU2dkn,22134,68579828
Shantee,Kerrey,skerreybv@vistaprint.com,4NdCHJP3g,22889,93696657
Dolley,Gerok,dgerokbw@indiegogo.com,LLfYrWnIpTh,5050,90399676
Octavia,Cochran,ocochranbx@youku.com,1WN3uEq2T,36816,61953260
Neil,Boase,nboaseby@xrea.com,KceuhIS,23460,36449064
Xylia,Bergeau,xbergeaubz@google.co.jp,d7KFlkKAWa,32000,23766479
Consolata,Kilborn,ckilbornc0@parallels.com,3F3iYrtRGU,16661,62373533
Alon,Andrzejczak,aandrzejczakc1@alibaba.com,zPREeVjs,6534,78296332
Dolorita,Orman,dormanc2@timesonline.co.uk,ArwfrH60BLN,3215,59031983
Jerrome,Elvy,jelvyc3@aol.com,RaBX0i,28210,94594556
Siouxie,Inett,sinettc4@answers.com,vwX7b1,13931,73660289
Filide,Chamberlen,fchamberlenc5@technorati.com,tB8HTUac,18373,75996175
Ker,Penkethman,kpenkethmanc6@joomla.org,DKarPSOKHb9,33708,53334979
Briano,Fairholme,bfairholmec7@netlog.com,Iuvk8LHp33Zx,8008,52983497
Jarred,Kimmitt,jkimmittc8@timesonline.co.uk,I5B0uAom,27302,73570690
Clyve,Lagne,clagnec9@wix.com,806YjbNNVJQB,7716,51841647
Shanta,McAree,smcareeca@scribd.com,eGS3Z6JWduj,779,43919420
Selie,Hazelhurst,shazelhurstcb@google.com,CC9kSCTBeV,20982,27084860
Tobin,Orridge,torridgecc@exblog.jp,eDdKdm7,6239,89705940
Deana,Canniffe,dcanniffecd@dailymail.co.uk,ZJw3f32l79,11897,89447605
Drud,Ridd,driddce@jigsy.com,iEVhzzOuE5W,23251,55340872
Berton,Brokenshaw,bbrokenshawcf@addthis.com,mFiJMU0Vpsw,16238,59860707
Ringo,Linn,rlinncg@edublogs.org,ZHKrp2XF,22806,72759315
Zacherie,Kirgan,zkirganch@hc360.com,hRPsiWlKv6m3,32350,82415440
Cirilo,Pendreigh,cpendreighci@php.net,CsbetG98rYT,28791,53312376
Drucie,Galego,dgalegocj@exblog.jp,rgCkX7TGNN,9046,41290706
Margette,Melbury,mmelburyck@ning.com,KuIgDdwa,3534,55766989
Rorke,Featherstonhaugh,rfeatherstonhaughcl@fema.gov,xQqD2OT,11778,91358514
Nonna,Norcutt,nnorcuttcm@1und1.de,B0XnlYV5TEsC,14340,80266940
Trixy,McIlriach,tmcilriachcn@soup.io,uGqAkZq,11293,42939023
Claude,Misk,cmiskco@angelfire.com,e30Ukl,22055,38503136
Sydelle,Gasnell,sgasnellcp@shop-pro.jp,CgpFbuZtDkw,36556,74608446
Alanah,Vannuccinii,avannucciniicq@wix.com,x9XJd2klGn,32217,95355293
Damon,Hanvey,dhanveycr@wikispaces.com,tMhGsseb,12759,60815775
Lowe,Chillingworth,lchillingworthcs@acquirethisname.com,Qe92ODmb,3481,74709584
Ola,Child,ochildct@hexun.com,w4UPGee,20706,61890113
Katharina,Manuel,kmanuelcu@mapy.cz,I8kblot7,21638,71838833
Leon,Zottoli,lzottolicv@fda.gov,9NwJxozBRY,15266,76772307
Ruth,Necrews,rnecrewscw@ning.com,HmkXyVg,1202,93841760
Darcey,Flacknell,dflacknellcx@google.cn,pNE00uy34,35811,28822566
Roslyn,Bowser,rbowsercy@tripadvisor.com,OsLDHdo2ufS,22576,77428134
Josefina,Rainger,jraingercz@xinhuanet.com,EP8sVNnP,13793,23808793
Shelagh,Hawson,shawsond0@auda.org.au,D7iMYpnS,37038,52657293
Brice,Robens,brobensd1@toplist.cz,EMYb5tDqEJlE,8637,85413537
Genny,Stollhofer,gstollhoferd2@oaic.gov.au,LBDio6kJ3mFr,18544,34733133
Inessa,Sandwick,isandwickd3@yahoo.co.jp,EfJBe659Ram,18674,61474437
Alexandrina,Fieldsend,afieldsendd4@amazonaws.com,CnA9vh,30872,38096464
Carly,Shanks,cshanksd5@furl.net,Rtk8X1jYcR,23256,95454695
Sky,Spieck,sspieckd6@comsenz.com,JuJwJy,29052,36295989
Hewe,Baldassi,hbaldassid7@yolasite.com,MwL671pU4p,19863,89377199
Maressa,Peter,mpeterd8@desdev.cn,bR5l1TqK,20443,98459499
Jocelyne,Dominy,jdominyd9@dailymotion.com,LYFsmxF0tLdR,19412,26438881
Gloria,Duffyn,gduffynda@shop-pro.jp,VAsruXe,33549,77063476
Deny,Jozwik,djozwikdb@fc2.com,4hWMQ1sob,29594,28797491
Nataniel,Beaman,nbeamandc@mit.edu,NYKo5SR,22397,25470533
Ross,Pape,rpapedd@icq.com,9ErttEfqpy4P,5030,89443375
Elvera,Gopsall,egopsallde@naver.com,Z8SraOrLrO,5812,77346514
Patti,Roskruge,proskrugedf@is.gd,6hDMSUg2Orf,566,69162160
Sena,Wethers,swethersdg@engadget.com,9Tb0CSp0,32364,38417544
Catarina,Shillingford,cshillingforddh@sitemeter.com,tWzqxL4FTTV,7028,82885338
Terese,Biers,tbiersdi@chicagotribune.com,1F3z6g,6075,20502375
Una,Mallalieu,umallalieudj@apple.com,a0AgfoTOy,35032,55064706
Jerome,Reynoldson,jreynoldsondk@ted.com,UpT3Rlu,16110,29384935
Nicko,Kimbrough,nkimbroughdl@sfgate.com,3i1y7TsP,20066,25241622
Amalia,Tivers,ativersdm@istockphoto.com,zLMrmlcXLKZz,17490,24618801
Ginnifer,Mardall,gmardalldn@hugedomains.com,c9xN0smIcx,26463,64998415
Ruthy,Ruby,rrubydo@symantec.com,zu9eoVeR8i,239,74322255
Stevana,Crown,scrowndp@dropbox.com,5U8CR78,19104,31431056
Rodge,Beetlestone,rbeetlestonedq@ustream.tv,lKMZqYEkALQ5,2253,81273415
Elisha,Rosenblatt,erosenblattdr@youku.com,PYgnNK2g4tML,23577,24898941
Danna,Mucklow,dmucklowds@nih.gov,1GId2Xf7Ax,1221,24580990
Helge,Benettini,hbenettinidt@nymag.com,SuhdKpNN,23839,44962829
Nicky,Woffenden,nwoffendendu@behance.net,rnN4e5,30081,49192359