first_name,last_name,email,password,address_id,phone
Syman,Tunnoch,stunnoch0@hubpages.com,PDP6r7,37054,92081400
Golda,Chellenham,gchellenham1@forbes.com,Uht9gqsdDe,12675,69823917
Royall,Spurret,rspurret2@weather.com,XptlJrL8E,38144,24971229
Kelcie,Ellson,kellson3@newyorker.com,w9bqem,23094,31994789
Warde,Jakucewicz,wjakucewicz4@booking.com,drxYDm,4313,40937899
Wendel,Buttle,wbuttle5@sbwire.com,TROzkt,33119,90669140
Nert,Skarman,nskarman6@sbwire.com,txq0xft2KgZ,34335,69878469
Rorie,Flowerdew,rflowerdew7@nbcnews.com,T474ru,28375,54294416
Burnard,Lujan,blujan8@disqus.com,fLMZpKn,5646,98217459
Filide,Streatfeild,fstreatfeild9@fotki.com,D8ioFQXuB,21193,98152904
Coleman,Laugier,claugiera@gmpg.org,nZVaMp,36516,86619339
Padgett,Wenger,pwengerb@elegantthemes.com,4LFUi83bs2Sw,4505,31915971
Hakeem,Tilzey,htilzeyc@google.co.jp,tWUzv5CxYdUj,39161,91329478
Conny,Hollyland,chollylandd@unicef.org,eBdSapomdn9,31379,89558177
Malvina,Torbett,mtorbette@imageshack.us,xL1ihV,9461,38868963
Adriane,McTeer,amcteerf@squidoo.com,65Pp3n,36020,97518627
Marv,Stevings,mstevingsg@pen.io,twXjp6UsG,37472,95837868
Celine,Beig,cbeigh@statcounter.com,bEv5YR8JN,31847,46768433
Dara,Kofax,dkofaxi@bravesites.com,Tg3lcj5,15296,29237987
Marlyn,Kolyagin,mkolyaginj@sohu.com,MDoE85ACZrY,28208,44435630
Patrica,Ridgewell,pridgewellk@wp.com,tZBnnmDgI,32446,70497987
Uriah,Markus,umarkusl@csmonitor.com,UUe2cn2xPIpA,6674,60253863
Brandon,Jatczak,bjatczakm@mozilla.com,iXBPU0vIZ,20446,32438304
Virge,Boniface,vbonifacen@wsj.com,jxZiysInU80j,14772,35228376
Celie,O'Hone,cohoneo@networkadvertising.org,Xvof696,26028,78747855
Sosanna,Cisar,scisarp@github.io,RANd4JZXP8I,19938,20953385
Chelsae,Grunson,cgrunsonq@sfgate.com,npNdpW1M4zlB,31002,83458302
Tracey,Dealey,tdealeyr@google.ru,wyv4lGstPCr,38017,36449582
Mannie,Ainscow,mainscows@un.org,LnegLIA,1459,28312030
Nanice,Wastling,nwastlingt@twitpic.com,ErPaymNGV,28231,28056044
Janna,Dearnaly,jdearnalyu@slideshare.net,OBRmQn1VvN,21483,85511415
Bronnie,Muzzini,bmuzziniv@wordpress.org,rP0OvWeLm,29036,28774924
Ogdon,Sherburn,osherburnw@sphinn.com,mvs1AURKmfT,1347,59787191
Jennica,Fesby,jfesbyx@wikispaces.com,VJepzglgD,35595,87445839
Yardley,Strongitharm,ystrongitharmy@cornell.edu,DXblWFf6,30229,91929223
Joannes,Unsworth,junsworthz@bloglovin.com,RKwJKxk0wYC,16074,53945107
Somerset,Kanter,skanter10@ask.com,5MysCl2p,35349,66820085
Ketti,Ruppelin,kruppelin11@gravatar.com,7iCSWzO,1609,89029469
Felizio,McLewd,fmclewd12@oakley.com,4jOCYZUn,27255,91565396
Theressa,Moodie,tmoodie13@bandcamp.com,5zhhugYQ,15182,23451273
Hogan,Featonby,hfeatonby14@gravatar.com,S9IkDPr4Ed,13834,56373536
Marrissa,Van der Beken,mvanderbeken15@sciencedaily.com,zgwmoZh,13538,87761717
Ailey,Claibourn,aclaibourn16@cnn.com,3yMaSZFY,21156,20771637
Ange,Saltsberger,asaltsberger17@theatlantic.com,3jQ1nM161kP,27519,43985668
Quinton,Rockhall,qrockhall18@wiley.com,MmMfscI2HQ8T,30301,66691672
Carmel,Wallbutton,cwallbutton19@people.com.cn,CrIvkyeM,19171,96155375
Dex,Powles,dpowles1a@imdb.com,jUd2EHq8e720,19651,27885370
Berni,Hadlow,bhadlow1b@google.com,wIMNBIEA6,5808,71979165
Vladimir,Evetts,vevetts1c@unicef.org,l2k3ZudbpADS,35710,44137749
Flinn,MacDermott,fmacdermott1d@independent.co.uk,T11sqgp4yA,20226,75384764
Stormy,Hinzer,shinzer1e@narod.ru,kSyUrS6IiWF,12201,24327405
Chaddie,Antonomoli,cantonomoli1f@samsung.com,TN2otF5,33398,22403034
Fallon,Horley,fhorley1g@yellowpages.com,XizQNgQBuqSt,21327,31817510
Josephine,Rathborne,jrathborne1h@spotify.com,CWLUOmMs1j,23918,91486442
Murry,Bande,mbande1i@google.cn,vv9eM0rRBP,5098,43675333
Elden,Tighe,etighe1j@list-manage.com,3NYxDnmHVxB,37610,45108105
Elga,Kennelly,ekennelly1k@mediafire.com,rCMZoj4sZT,20145,56256231
Chalmers,Tineman,ctineman1l@dailymotion.com,6ahEdpKDXLT,28269,79003057
Loralee,Bertomeu,lbertomeu1m@odnoklassniki.ru,yD07sLb4o,22273,41151830
Clementine,Pietasch,cpietasch1n@booking.com,1Le5Nv06V,22951,82878438
Pren,McVie,pmcvie1o@arstechnica.com,me8euGLM,26249,75559890
Marigold,Oldaker,moldaker1p@chron.com,u6IO8vzP,8551,33246680
Mikaela,Passie,mpassie1q@jigsy.com,jxkfOFjUDl5h,18489,50483816
Tildie,Lennox,tlennox1r@sina.com.cn,GVDH7C,5434,87767804
Witty,Meredyth,wmeredyth1s@jiathis.com,y39Xw3,25431,94929553
Robbie,Dosdill,rdosdill1t@livejournal.com,a1hQkTKII,18732,45676390
Kandace,Gwyther,kgwyther1u@dyndns.org,X3PrsO,14180,73709712
Cassy,Barbrick,cbarbrick1v@wisc.edu,U9NBW0DVgQM,32490,70322593
Lucais,Alelsandrovich,lalelsandrovich1w@harvard.edu,1fQd7w,22240,99788157
Ula,Huggett,uhuggett1x@prweb.com,IQyX7v,7961,99861288
Hetti,Crich,hcrich1y@boston.com,kLImZ87,37195,32945250
Boy,Zum Felde,bzumfelde1z@google.ca,PmYtJXR4T5,29592,33160622
Mame,Pleager,mpleager20@fotki.com,4CLzM98ajr,13741,58995750
Aleta,Shewsmith,ashewsmith21@globo.com,Sl0JnQYcv,5405,58082180
Nissy,Celes,nceles22@redcross.org,Gh5cmDHDzzh,5717,78981237
Dino,Ayrton,dayrton23@ibm.com,8wTu7dvhM6as,1610,51146020
Haroun,Mixworthy,hmixworthy24@china.com.cn,3DFxGE67JAl9,6603,73478076
Garold,Auchinleck,gauchinleck25@state.tx.us,j3NzDcCH,9157,77210505
Morry,Warren,mwarren26@theguardian.com,Tgxdj20fVZLV,36280,38454701
Vi,Drinan,vdrinan27@networkadvertising.org,lTeiqEcvv4T,23716,31555482
Phil,Muffin,pmuffin28@soundcloud.com,ASe2yh,31141,43012490
Benedetta,Folliss,bfolliss29@ifeng.com,QjbNk0dV,12112,52796245
Vevay,Balam,vbalam2a@wp.com,iJqdG3,29327,65376843
Sherwynd,MacGillivrie,smacgillivrie2b@msu.edu,SoVDSqBaKwT,9853,71914802
Claybourne,Wheaton,cwheaton2c@omniture.com,lZy1EU,29724,46735803
Armando,Westcar,awestcar2d@examiner.com,Cz8voF1,27770,33850456
Missie,Ainscough,mainscough2e@google.de,ZdCYqEIyJw,23054,22670038
Keith,Pumphrey,kpumphrey2f@ameblo.jp,8Wh6cdEfcYp,14331,64964679
Ware,Meadus,wmeadus2g@illinois.edu,WVGxRgo6G,33380,80172780
Abbi,Phythien,aphythien2h@seattletimes.com,t1hPmExIX,8856,34257602
Ermina,Maccaig,emaccaig2i@netlog.com,TPClrZEazK,12309,86531228
Ian,Blackaller,iblackaller2j@php.net,QBeSRmOXeJ1,29415,97483396
Waldon,Huygens,whuygens2k@xing.com,5hA11zi,32554,84466745
Matt,Luckie,mluckie2l@salon.com,UxVU9yiZR,13498,79489725
Bordie,Ferronier,bferronier2m@hostgator.com,ld9HfEOo,37512,72679360
Orren,Prosh,oprosh2n@naver.com,RsQnodSEv29,11386,90987790
Linette,Rippon,lrippon2o@myspace.com,4kZevsEjk,6080,40327114
Svend,Fillary,sfillary2p@cocolog-nifty.com,O1QtB3LBpH8o,23257,71670951
Ynez,McCudden,ymccudden2q@weather.com,Dj5my8Vxw,6721,44749684
Rafaelita,Froom,rfroom2r@newsvine.com,PWrPZ9Np2zD1,5868,49197002
Euell,Dowers,edowers2s@cnn.com,FbnXl3CVV5,8075,24442073
Georgeta,Hubble,ghubble2t@google.fr,NNz5mRki,5274,86084301
Gabey,Matic,gmatic2u@chronoengine.com,Pz98bD,35707,50277989
Clarence,Cappineer,ccappineer2v@indiegogo.com,S5xIbOy,3845,94715878
Aime,Minty,aminty2w@salon.com,gPMNfFbD4,32464,52263738
Dorita,Olner,dolner2x@indiatimes.com,WL7zspOXvzhw,17454,44784421
Donia,Mugleston,dmugleston2y@ftc.gov,2r88JS,11765,20654882
Travis,Melsom,tmelsom2z@blog.com,ynPanPaJ,31662,62913852
Eberto,Wildey,ewildey30@wired.com,6nO0xtvp,15888,55680012
Anette,O'Mullally,aomullally31@liveinternet.ru,LUxJLS,14821,21498090
Glynda,Bogart,gbogart32@reverbnation.com,lEdgplaTEd4g,3430,49973491
Brittni,Depper,bdepper33@who.int,78wwETzf1u,31180,40071341
Lance,Aizic,laizic34@ca.gov,OanpiLJO,20695,24244723
Kincaid,Pow,kpow35@google.cn,MCX1hgvbhEWP,33564,38688804
Gage,Seyffert,gseyffert36@stanford.edu,mbdyCNs,17471,35011962
Papagena,Tallowin,ptallowin37@istockphoto.com,g7hEADnjLk,27427,23761086
Adler,Restieaux,arestieaux38@google.com.hk,DlXlzTQSfU,18533,97083412
Benny,Mawdsley,bmawdsley39@nba.com,zngLJdrdPZrC,26298,43810627
Sandie,Donegan,sdonegan3a@toplist.cz,uorFb9hBB,19988,73008452
Witty,Bance,wbance3b@businessinsider.com,GI1HCYaM6VHK,31585,38322104
Tamas,Forestall,tforestall3c@nih.gov,kMSMTW5uz,21119,83584141
Terencio,Cissen,tcissen3d@seattletimes.com,MVL6LX9i,22289,99210975
Sybil,Finicj,sfinicj3e@tripadvisor.com,HDag2Gmn,27374,44366265
Elissa,Clifton,eclifton3f@nymag.com,RyoDpmYf4O8,39063,70813436
Almeta,Widmoor,awidmoor3g@admin.ch,kT0wOy,14234,86315628
Ronnie,Garden,rgarden3h@tuttocitta.it,CLNIpkpKTj6,17662,20570706
Nada,Haffner,nhaffner3i@usda.gov,7SpQhHaGWr,11201,32253517
Catherin,Boeter,cboeter3j@nationalgeographic.com,eIE5jRy,33016,45294689
Calley,Silcocks,csilcocks3k@nps.gov,RXGP4vCondNG,13661,75913165
Artemis,Howkins,ahowkins3l@tripod.com,5ocScvKyNOW,36908,55780269
Mill,McKechnie,mmckechnie3m@weibo.com,HOe9IoSUb,20360,36094813
Aurie,Cuxon,acuxon3n@wiley.com,E8LpMA,4961,65184539
Gabi,Blunn,gblunn3o@abc.net.au,ibcJwGRnO,36943,51373424
Tomkin,Blackburne,tblackburne3p@booking.com,pYWmAF,18773,59250686
Ancell,Gumme,agumme3q@smugmug.com,EuShtIXbBeM0,33411,39396237
Cordy,Honywill,chonywill3r@reference.com,jpmXfaEuBw,31341,87970862
Heindrick,Rickword,hrickword3s@360.cn,dUuWU4,38383,30166421
Hilarius,Rottcher,hrottcher3t@deliciousdays.com,W7wO1p,9684,92028106
Ingmar,Mc Curlye,imccurlye3u@globo.com,uhj2xLpZq,25182,84354761
Othelia,Bushe,obushe3v@constantcontact.com,gkn18tQHivk,16532,21948582
Homer,Ambrodi,hambrodi3w@va.gov,hDGsRRIr,7236,80018423
Jillene,Menego,jmenego3x@twitpic.com,7L8rHiNpD,38618,27388212
Land,Christin,lchristin3y@wikia.com,rsWl6r9UX0,14898,67145939
Robin,Hryniewicz,rhryniewicz3z@smh.com.au,FuuK7ninSm,25814,93347281
Sheela,Valentine,svalentine40@smh.com.au,Ce8Dmtul,13089,24376175
Emmi,Frondt,efrondt41@miibeian.gov.cn,eCnu18itX,14154,59160998
Karel,Bree,kbree42@zdnet.com,0CHIGOf2xRE,25296,54944848
Sonni,Grishagin,sgrishagin43@aol.com,chIZiaVsf,23997,29288145
Bobbi,Chetwin,bchetwin44@stanford.edu,B4PhqeVCOOK9,303,89224619
Enrique,Oliva,eoliva45@google.it,sE8FasuJR,4868,27577649
Karlan,Matuskiewicz,kmatuskiewicz46@php.net,hcFMXj,29268,46059756
Micheil,Whiskin,mwhiskin47@cocolog-nifty.com,gkrjrpX,28205,76042946
Harp,Gash,hgash48@wix.com,Pg0JWKY,15471,82140823
Reynard,McCarle,rmccarle49@posterous.com,E8L9vfiD5htz,13943,53118742
Malinda,Watford,mwatford4a@springer.com,sDcKlLH1P,27638,60648585
Cherie,Perry,cperry4b@sina.com.cn,Idsr8yv4Fhh,6607,80973734
Barny,Sharland,bsharland4c@reddit.com,xi2gXfbn,1371,56647140
Yule,Seignior,yseignior4d@arizona.edu,b41XGdhR,14338,30266532
Galvin,MacEllen,gmacellen4e@furl.net,9aAxKx95a,21802,86554102
Torey,McCosker,tmccosker4f@gizmodo.com,wWO9nJ,16364,34584107
Karmen,Hannigane,khannigane4g@upenn.edu,jz3ZDNXH,19882,51361066
Quill,Fernandes,qfernandes4h@ning.com,RzAN2iR,21612,36678440
Sandie,Stoaks,sstoaks4i@amazon.de,AyBpQ9,38915,81639750
Terry,Isabell,tisabell4j@privacy.gov.au,05nLLu,20320,26842841
Kris,Burley,kburley4k@feedburner.com,fxJPd91E,28691,87792107
Luelle,Charville,lcharville4l@harvard.edu,YdCEb4SQf8,854,74504573
Carlin,Keneford,ckeneford4m@google.de,YKUYMx65j,13702,58641074
Kele,Yakushkin,kyakushkin4n@bravesites.com,nOHTtb,39321,38955510
Brandy,Romaines,bromaines4o@t-online.de,Z7UxN0,32092,72398837
Currie,Yurchenko,cyurchenko4p@stumbleupon.com,CTHwSwiXU5Jy,24381,87682030
Jenica,Gun,jgun4q@deviantart.com,pBtdxna,135,59837373
Consuelo,Colrein,ccolrein4r@nydailynews.com,LcnGak,9985,95964173
Ameline,Brentnall,abrentnall4s@shutterfly.com,6ZphM2NwUI,6174,94285744
Gibbie,Pawelczyk,gpawelczyk4t@desdev.cn,0GE4uHTq,25239,58016799
Amii,Jewers,ajewers4u@w3.org,8WnI5UnFEOaL,2524,54911560
Yorgo,Kremer,ykremer4v@last.fm,etEA4tBoF9,12111,50272048
Siegfried,Badgers,sbadgers4w@plala.or.jp,TSJD2OrrAO,6168,87832017
Lexis,Swinburne,lswinburne4x@cpanel.net,cftyEbpAv3B,1690,84285368
Kristofor,Acedo,kacedo4y@shinystat.com,piDnpnqlzn,32225,75192265
Court,Snowdon,csnowdon4z@is.gd,TRYog6FkV,34015,39518819
Alf,Stolli,astolli50@apache.org,HD3xyHtS,7160,45345519
Katalin,Ruprechter,kruprechter51@jalbum.net,fuBor48X,17696,27997261
Melesa,Spurge,mspurge52@vimeo.com,FFTNKZ4pG0SB,6376,48378251
Jany,Martugin,jmartugin53@apple.com,MNJm0nirHB,30229,34417722
Marlena,McGillivray,mmcgillivray54@ycombinator.com,MsRETgUTD,13163,65563537
Mariejeanne,Allcott,mallcott55@europa.eu,i51GRcUmt9Om,14606,37377680
Horatius,Redgate,hredgate56@ucoz.com,byAxoqnbEu,34899,61794508
Lotti,Ipwell,lipwell57@cdbaby.com,SG3lDstGq,3529,32924956
Lorette,Bottom,lbottom58@soup.io,H0au8SS,4034,55732935
Angele,Torre,atorre59@hc360.com,mHBTTjOfkCvu,31541,26068396
Burch,Kingsland,bkingsland5a@chron.com,JA0Az4DFk,12530,86580850
Fabiano,Everal,feveral5b@mlb.com,Fh8IV7zmK,3870,84010316
Husein,Sarle,hsarle5c@webmd.com,ZAiaqJ,16876,51266391
Odey,Jeannel,ojeannel5d@issuu.com,nMsZua02qTr,21765,83224682
Mariska,Tompkinson,mtompkinson5e@nytimes.com,huXmXRBsKi,22974,31840049
Whittaker,Sumpner,wsumpner5f@cloudflare.com,RZAKx41,35158,86381147
Glen,Peterffy,gpeterffy5g@theatlantic.com,KkpoqI,8483,39913837
Linnie,Devericks,ldevericks5h@si.edu,LHdhuZWr4,38143,29581028
Luisa,Gatman,lgatman5i@dell.com,xubTjd,4860,94643549
Jonie,Record,jrecord5j@people.com.cn,A2FZm7u,1109,60352971
Lodovico,O'Lunney,lolunney5k@theglobeandmail.com,wTRy0FPxfz,6029,98811820
Frederica,Limbert,flimbert5l@tmall.com,urUeXpBQ,29715,86563815
Rance,Van Der Hoog,rvanderhoog5m@oracle.com,qwPwK2lEAW,32246,28331441
Kari,Mack,kmack5n@narod.ru,F8hzaOK1JGIC,10997,91952922
Virginie,Berns,vberns5o@phoca.cz,l40UuBfTPq,22987,43835879
Ursuline,Bram,ubram5p@epa.gov,fy5G06,18834,39987275
Gene,Heineken,gheineken5q@eventbrite.com,tw8Jbi,25176,21212447
Faythe,Martinetto,fmartinetto5r@i2i.jp,YqX1hsNxfUzg,29290,24100193
Bree,Tallis,btallis5s@harvard.edu,wLQGiC2xUO,19688,50009426
Daryle,Croydon,dcroydon5t@yellowbook.com,P8YGSIf0Ry,15535,40628055
Burlie,Corselles,bcorselles5u@archive.org,YsHlKEQ,37591,56826704
Alden,Rubinfeld,arubinfeld5v@unesco.org,C2z5feUXwTG,19462,90425897
Gale,Brame,gbrame5w@dropbox.com,Gfxw0yd0XMfW,24444,42675743
Raquela,Jakes,rjakes5x@stumbleupon.com,9gIkzksW,24540,42354326
Fabian,Drain,fdrain5y@google.ru,RyYktPsL7G1,14335,39873482
Odella,Glaze,oglaze5z@ucoz.com,7zxesNnC,8583,68298935
Cacilie,Upjohn,cupjohn60@weebly.com,tA9F4I63CdN,22116,99775164
Daren,Simonini,dsimonini61@storify.com,LzaByyvkncMZ,8064,30072989
Connor,Treat,ctreat62@infoseek.co.jp,L1Lpwx7,17434,58120299
Patsy,Ogelsby,pogelsby63@dell.com,aieQtHkvaIoB,30892,88108482
Sammy,MacCleod,smaccleod64@forbes.com,Vht8Te0yuW2,17383,40373571
Bell,Bawle,bbawle65@fema.gov,DQhh2i,30196,27782968
Kelsey,Judgkins,kjudgkins66@icio.us,dTvhuGO,15549,98846833
Nolana,Wingham,nwingham67@oakley.com,YoEXi8aX5,26053,25342644
Rutherford,Bonnin,rbonnin68@cpanel.net,ZPlCQ8g,34387,42825374
Terrence,Belle,tbelle69@princeton.edu,VIsvJRFsrF,39066,98391606
Annetta,Nano,anano6a@skyrock.com,retayf,4152,66669188
Fax,ducarme,fducarme6b@unesco.org,qhCXMtysqMM,10007,85051734
Camile,Paulton,cpaulton6c@gnu.org,mDpVltPlSY,4488,95690569
Neysa,Brimming,nbrimming6d@scribd.com,ziAyNRIR8tU,37579,96411228
Eba,Deuss,edeuss6e@rambler.ru,YNZN2hEoF,22440,79596329
Brantley,Lademann,blademann6f@reddit.com,znlxi6,22390,23759487
Angie,Voss,avoss6g@stanford.edu,NqlmaGyZ,25010,48958151
Tierney,Peeters,tpeeters6h@biblegateway.com,91aUVD4,4157,95835161
Gillian,Madigan,gmadigan6i@japanpost.jp,NNG4Lcm,34595,76110188
Tiebold,Engeham,tengeham6j@engadget.com,rmdUkrDAt,5825,59852429
Esme,Endersby,eendersby6k@lycos.com,G8ne5IVimFx,5865,61075066
Cherye,Castelli,ccastelli6l@miitbeian.gov.cn,T6fEmJGma,35682,40806434
Roderic,Luno,rluno6m@skype.com,QxY7aANKZQp3,34654,49801722
Almire,Gwynne,agwynne6n@tiny.cc,SwzZZMDG91,2777,57631168
Tiphanie,Coxwell,tcoxwell6o@nifty.com,H0joTC80dph,22485,99158130
Carissa,Kenwell,ckenwell6p@japanpost.jp,VBLr3OLx,34940,97143038
Andreana,Branston,abranston6q@intel.com,zexk4mdsHW,24064,20587576
Vachel,Moyer,vmoyer6r@histats.com,AVVmaGIVR,11172,53014488
Alwin,Heber,aheber6s@mac.com,mNMYrE6vSi,35217,87273010
Katie,Knowlden,kknowlden6t@trellian.com,inV7h2anzR,4310,23904930
Guillema,Theseira,gtheseira6u@ifeng.com,tksgstDVT,6423,20864977
Cathi,Creser,ccreser6v@dropbox.com,2YYtSA,4589,56749882
Felita,Limprecht,flimprecht6w@scribd.com,YBKS8X,16201,80272654
Trueman,Flowers,tflowers6x@digg.com,ash1rlDaG,31272,37419786
Cathee,Krates,ckrates6y@skyrock.com,kCABsYivnn,4895,36741531
Julius,Godding,jgodding6z@arstechnica.com,mcNW5b,36894,37779613
Bertina,Corish,bcorish70@economist.com,hy67SG4n565,37130,72269410
Minny,Scarborough,mscarborough71@discovery.com,Ma8KBUb6BO,20802,53819691
Mirelle,Lyons,mlyons72@google.com.br,ko9T9d1,36837,35029530
Yancy,Lovelace,ylovelace73@theatlantic.com,siEjxGdTR,25966,25162535
Quincey,Fossick,qfossick74@vk.com,1mAvgtP,5199,24041889
Tatum,Cliffe,tcliffe75@si.edu,zLOgbi6YT,28125,34374902
Olag,Rapinett,orapinett76@shareasale.com,YxZHlM,3571,54161296
Elbertina,Westall,ewestall77@zimbio.com,lSLgHt,11807,35270043
Gerrie,Kitto,gkitto78@si.edu,qpEjxzrNzhul,35872,80570705
Jude,Fewster,jfewster79@mozilla.com,uaM8t80af5Aw,26402,54634607
Audre,Bousfield,abousfield7a@cnbc.com,mtW2dhM,12439,95935901
Milka,Acock,macock7b@live.com,FzFUL8UdFfE,26661,59742191
Brade,Rau,brau7c@sitemeter.com,bITQ9QP6DoR4,10010,69299349
Fern,MacMaster,fmacmaster7d@ft.com,0HRaeN2Mx3x,24786,63384567
Pepi,Martensen,pmartensen7e@over-blog.com,trMASeS,31819,21227565
Dun,Tunna,dtunna7f@simplemachines.org,4PqBWT1,16677,88024604
Stephanie,Cornejo,scornejo7g@amazon.co.jp,Ljj1O4ag,15531,79092207
Timoteo,Alfonso,talfonso7h@ted.com,WKZl0oqHtefM,13702,94318001
Joshia,Schenfisch,jschenfisch7i@feedburner.com,WzDEqu,29075,70691023
Sibyl,Schrei,sschrei7j@dot.gov,hKFZNy,10858,66527998
Marybeth,Gail,mgail7k@latimes.com,AEl5xeXU6Vt,18151,92209872
Corny,Bestall,cbestall7l@nps.gov,A6nvmST,3015,42641943
Tootsie,Barczynski,tbarczynski7m@reddit.com,25vWXvLSnlOG,33833,72654114
Valina,Gionettitti,vgionettitti7n@nature.com,0VGqnoS,7468,47176477
Corella,Benz,cbenz7o@mac.com,xqqzNrI88W,14727,28337284
Sergent,McGinn,smcginn7p@delicious.com,ppvV4wf,37175,42130729
Deanna,Sawfoot,dsawfoot7q@a8.net,BTtd0lEoq,16890,25098541
Frank,McCombe,fmccombe7r@bloglovin.com,fe9ptUTQ,37883,67561778
Wenda,Bonifas,wbonifas7s@wsj.com,r9evo4jSTL,22558,81140322
Wood,Keddie,wkeddie7t@unicef.org,kEKx80p,33601,88987738
Wilt,Frankcomb,wfrankcomb7u@bbb.org,c6EAsU88G5I,6209,34755159
Jason,Testro,jtestro7v@gov.uk,0j8RcwF4phM,24043,36708586
Wes,Manuel,wmanuel7w@smugmug.com,yj5iTzcOPLS,25446,32434584
Kare,Spracklin,kspracklin7x@disqus.com,aX2Jtynj0z9k,36938,88719738
Christian,Baybutt,cbaybutt7y@dagondesign.com,ob1dDlAiiJ,7716,20078964
Sander,Gehringer,sgehringer7z@bizjournals.com,MnUMzugLqy7,8207,96941123
Concettina,Hubbart,chubbart80@gnu.org,kE1yuwOBu,35887,22606394
Jilleen,MacTague,jmactague81@slate.com,5GLczAnNgy7,23772,89105925
Roslyn,Kopf,rkopf82@washingtonpost.com,H9VOOyhFd,37861,73769478
Talbot,Pentecost,tpentecost83@gizmodo.com,81gqEu,32933,40303871
Kimberlee,Kurten,kkurten84@mtv.com,tyLaiUdTdR,552,44816912
Westbrook,Eastby,weastby85@go.com,GxMPT9KDAB0K,28624,26315242
Paige,Huntly,phuntly86@bbb.org,iYSK5qLL,23154,88867849
Laney,Orniz,lorniz87@e-recht24.de,DGn5LEt,9559,65409800
Lonny,O'Canavan,locanavan88@blogtalkradio.com,MVXf2vskLui,28431,98799578
Minor,De Vaan,mdevaan89@salon.com,TmcGtmtNkc,24695,65299554
Florentia,Shird,fshird8a@vkontakte.ru,2gMsvjvRKii,26772,40677100
Sawyer,Jertz,sjertz8b@imageshack.us,1Z01nt9Nel,35415,74809646
Orelie,Stonuary,ostonuary8c@tmall.com,ULD6pcT2rk6,35344,35733674
Cobby,Gillan,cgillan8d@gnu.org,PTymQjrToK1i,10943,49672201
Cameron,Blase,cblase8e@vinaora.com,jJLusaSGmtgu,34335,32725396
Yard,Aluard,yaluard8f@wix.com,YwLu0j9yXftO,14233,35724965
Grantham,Donwell,gdonwell8g@intel.com,DGPKYWzbm,22975,24515290
Susannah,Van Haeften,svanhaeften8h@ucoz.ru,sAKsL6p9,9405,88594705
Ramona,Castro,rcastro8i@amazon.com,rM2cquDOvRuY,8627,62315226
Dela,Dresse,ddresse8j@marriott.com,H8mIPk,33729,80396192
Florina,Ong,fong8k@addtoany.com,HBBKy83,16265,38926455
Niccolo,Deverock,ndeverock8l@auda.org.au,iCXtDQMZz3,14981,86162622
Carla,Camis,ccamis8m@4shared.com,sftFusY,18444,44085969
Mitzi,Smallman,msmallman8n@github.io,XfZ86NC8c,19680,28092084
Jed,Bramley,jbramley8o@51.la,kmb7SoBaRH2M,5678,40786067
Isaac,Yakutin,iyakutin8p@sohu.com,wBaffU,17042,21120610
Ingar,Beavon,ibeavon8q@edublogs.org,4qWmU93,16401,69824644
Dimitry,Christofle,dchristofle8r@cisco.com,2pC52ohcN,34458,93949995
Mendie,Genny,mgenny8s@jalbum.net,LuRy5YU,12412,91116525
Adena,McBrearty,amcbrearty8t@surveymonkey.com,TJ1l6EZgC,10913,89466619
Gordan,Hansen,ghansen8u@xing.com,i6pzt4wX9D,36714,61457872
Adolpho,Brokenshaw,abrokenshaw8v@oaic.gov.au,Un32Gkrq2,31375,65958901
Davis,Guilford,dguilford8w@ted.com,bEmtY6Fzd,14993,44160739
Rebeka,Tibb,rtibb8x@huffingtonpost.com,A9HgY3ZXx,3088,94334818
Jeane,Mulheron,jmulheron8y@guardian.co.uk,eY7cf2dt880,11661,74370743
Elias,Prisk,eprisk8z@washington.edu,RNEGhPVvG9,29648,82074595
Christan,Slamaker,cslamaker90@google.co.jp,OuQHjOP,8796,44169994
Ashil,Medford,amedford91@wikimedia.org,cI7ZQ1,33700,80076572
Lynnell,Blooman,lblooman92@sitemeter.com,93w2v1rCU,5596,46082238
Conan,Oppie,coppie93@arizona.edu,u7mHsZfExOqX,19328,87360004
Den,Crinion,dcrinion94@rambler.ru,CElCC6,31061,72621521
Grissel,Crampton,gcrampton95@sphinn.com,0sjioCnldOr,32591,61356897
Cece,Pedlingham,cpedlingham96@delicious.com,xAKVCFtMeJ9P,2345,94079901
Aurelea,Gregersen,agregersen97@indiegogo.com,4PA59BK,32372,60364192
Ajay,Brainsby,abrainsby98@typepad.com,4krwCvXIH,34148,99216305
Marcille,Vint,mvint99@ow.ly,t3OQzlC8k4ab,17224,56621311
Clem,Dudderidge,cdudderidge9a@hud.gov,sf7R5x,6128,34302632
Jesselyn,McGruar,jmcgruar9b@mac.com,BeqKLXJJVHG,16008,44547636
Darby,Noyce,dnoyce9c@livejournal.com,P1260lf6UF,21712,41576988
Eduard,Carlow,ecarlow9d@vk.com,yOUKMyeygm,14343,33637672
Darill,Fiddeman,dfiddeman9e@rambler.ru,A00r1TTYzwh,36517,64617269
Henrik,Lantuffe,hlantuffe9f@reverbnation.com,Dpbc3OM,345,63770882
Whitman,Cownden,wcownden9g@earthlink.net,ZGAHeiq6MC,32713,72094860
Lek,Peacop,lpeacop9h@upenn.edu,olEnauLfpu,34622,29056344
Viviana,Ince,vince9i@techcrunch.com,pu9V5wYf,28191,95181563
Ros,Harsent,rharsent9j@hostgator.com,F7G4af,20549,46579260
Ibby,Inmett,iinmett9k@harvard.edu,bkiBZeb,30926,87929279
Kylila,Nussii,knussii9l@shareasale.com,Uh4poS,11586,76852890
Britni,Esseby,besseby9m@salon.com,HAkSrnyZUASc,27946,85816609
Sada,Hartropp,shartropp9n@shareasale.com,Y5Ok9o,28220,90331071
Feliks,Keston,fkeston9o@arstechnica.com,ikByAX,34231,40295331
Dennie,Tomaszewski,dtomaszewski9p@archive.org,NHkS6p624,5082,77441742
Poul,Graham,pgraham9q@icio.us,ZmbIK7GoE2,21194,45491089
Lissi,Kemmish,lkemmish9r@dyndns.org,nc64O7Q6,11233,21734647
Merry,Haward,mhaward9s@sciencedaily.com,atAFVY8o7Jx,25033,36315958
Milli,Stalman,mstalman9t@harvard.edu,eXOAOGG,5104,27219291
Glad,McLagain,gmclagain9u@samsung.com,Ekzjtd64Hu9,16462,75095328
Consalve,Clemens,cclemens9v@harvard.edu,eKx9ixp,10316,67427118
Shaw,Atwell,satwell9w@walmart.com,Cm62tcU,27239,51627312
Deirdre,Havercroft,dhavercroft9x@google.fr,PMhOtaOEB,24410,32667820
Arvy,Leyrroyd,aleyrroyd9y@google.de,2y4ehoH7P7,4191,47890690
Harmon,Grigson,hgrigson9z@biblegateway.com,roW613Do6X,7144,67782003
Lizette,Cruden,lcrudena0@state.tx.us,No33zcDMYx26,32846,47042348
Izak,Landor,ilandora1@bandcamp.com,wPUczbASTYoW,10633,52728811
Antoni,Deschelle,adeschellea2@sina.com.cn,QkN1tc,26228,89326975
Van,Esplin,vesplina3@umich.edu,ol6mXo,19284,74598480
Drake,Murrhardt,dmurrhardta4@mashable.com,4N8qTKG7g9F,36326,44067576
Inez,Le Floch,ileflocha5@google.co.jp,YfgeRvfm,13012,96532486
Luelle,Galbreath,lgalbreatha6@soundcloud.com,eoTor9QNKHr6,24861,24018205
Maryann,Cockney,mcockneya7@arstechnica.com,YqaMsWLu,25348,68527212
Dani,Mughal,dmughala8@ucla.edu,RvLyxW,33123,60047678
Alica,Fidele,afidelea9@soup.io,d2MBqZx3rG,26999,42195944
Betsey,Schiefersten,bschieferstenaa@soup.io,Vo4KCSyls,32105,37981210
Sterne,Morgans,smorgansab@shinystat.com,72Q8IYcjtKUe,29334,21316278
Jenni,Bosworth,jbosworthac@discuz.net,RKPuvfTm,1779,84308942
Artus,Richardon,arichardonad@digg.com,5kassr,25430,24850448
Allianora,Guillond,aguillondae@goodreads.com,ec8ooqrm,1980,87529181
Kiersten,Rollin,krollinaf@reddit.com,hHc0DYwGU,578,64340999
Rhonda,Wathall,rwathallag@sakura.ne.jp,PDs7mYT,10422,96221980
Ludvig,Guillain,lguillainah@wsj.com,YdVoDOpRNK,36313,29332523
Charisse,Bridle,cbridleai@prweb.com,UbG6840PqSlg,6389,53799325
Melody,Tubby,mtubbyaj@uiuc.edu,ndjUOBfN6lu,20193,41272731
Holmes,Radbond,hradbondak@free.fr,1BHb425qrls,4295,85530695
Olive,Brinsden,obrinsdenal@loc.gov,ID0ivzz,15534,23723353
Jeannette,Atmore,jatmoream@wikimedia.org,6dypiw1nwxD,38223,56887897
Dallas,Clapp,dclappan@hexun.com,PwvSalm,12806,53511731
Lemuel,Waleran,lwaleranao@abc.net.au,f8HSzU,31723,33040541
Maggi,Satterly,msatterlyap@icq.com,KBgjZFB8t1,32216,74542991
Ranna,Millbank,rmillbankaq@time.com,7cNm8ox,11198,29480602
Thane,Paroni,tparoniar@spotify.com,7i9MUQ,8060,69498875
Vin,Felkin,vfelkinas@google.ca,CTgylY9,22385,28859557
Rowena,Lochhead,rlochheadat@go.com,MF6iwtPkx,25439,77089951
Cory,Priscott,cpriscottau@eepurl.com,mhTrJttpe,20227,80225961
Ingunna,Renny,irennyav@zdnet.com,UA3gWZqGe6l,17186,36196224
Peggie,Swanson,pswansonaw@bigcartel.com,BilO9wbA9l04,6863,51560034
Corabelle,Loges,clogesax@unesco.org,KjMFIPmF872,35402,37725211
Elias,McLucky,emcluckyay@blog.com,qMW4MDe0Qwqn,18233,60775882
Barde,Farrants,bfarrantsaz@barnesandnoble.com,aT9uts,31925,21296837
Heath,Spenton,hspentonb0@harvard.edu,hT5xg3m,8237,30027417
Leonard,Vakhonin,lvakhoninb1@google.com,39ShOelebGru,5747,71371054
Charity,Lauret,clauretb2@sphinn.com,SCKAZw4Q,15121,74213604
Emmy,Corney,ecorneyb3@friendfeed.com,7a0TON5xYP,7216,37316970
Kilian,Pedican,kpedicanb4@theguardian.com,zgrxBA6AA0AP,26312,79344179
Damien,Flockhart,dflockhartb5@who.int,iYraFi,28871,50342502
Michaella,Pinwill,mpinwillb6@ovh.net,s4cfihE,26630,22081620
Robby,Rose,rroseb7@liveinternet.ru,q3iVxR5G6lK,12444,28918745
Lara,Jaques,ljaquesb8@hatena.ne.jp,YLDEW0N8s,22052,70080698
Johnnie,Neeves,jneevesb9@uiuc.edu,DFGPm7Cf,3624,46740939
Gabriello,Kingcote,gkingcoteba@w3.org,Z6YkKPwrb,3250,45628405
Rubi,Huton,rhutonbb@usatoday.com,eoonzzj,25459,83372870
Lloyd,Newvill,lnewvillbc@hao123.com,1hdQrByP9,23640,54813958
Towney,Arnull,tarnullbd@state.tx.us,6d3L7HdLqH87,5228,51190109
Clari,Lant,clantbe@dailymail.co.uk,tegdqTeCk,27984,57674274
Jenna,De Malchar,jdemalcharbf@wp.com,LBpKaGzATXV,2346,84645442
Arnie,Rabb,arabbbg@a8.net,0wTxPwm,7784,55957284
Haroun,Ebbers,hebbersbh@mashable.com,wKAfqnT,29372,20771169
Wilbert,Jaskiewicz,wjaskiewiczbi@com.com,chf6EXJmp,27954,39022685
Rosmunda,Crysell,rcrysellbj@webmd.com,3qq0lxsyT,38117,33119053
Clyve,Reside,cresidebk@trellian.com,lItqhQBN6WR,27587,23833018
Field,Treadgear,ftreadgearbl@nba.com,NrASwR,37217,66622055
Demetri,Sowman,dsowmanbm@ask.com,EJFZzghDBJ,17297,95173085
Mona,Loomis,mloomisbn@utexas.edu,nIZZS1,21902,55103638
Bobbie,Colmore,bcolmorebo@goodreads.com,km08IZIXu,8754,51438292
Ricki,Angrick,rangrickbp@wiley.com,jn7cUukWxq,15004,55006780
Rowland,Reiners,rreinersbq@japanpost.jp,o2GkARqH,16082,20324493
Suzi,Scanlin,sscanlinbr@live.com,SXSwn9T,751,73099406
Olive,Mains,omainsbs@wix.com,xWpMBL3,20771,41595495
Anica,Oppy,aoppybt@noaa.gov,4pB4zYEP,14652,79611800
Shelby,Gabitis,sgabitisbu@guardian.co.uk,M6rQH20wIunF,28576,93467301
Rawley,Kerner,rkernerbv@marketwatch.com,FXUJ7fnGkK9D,31934,58608450
Margalo,Vaux,mvauxbw@google.cn,9L8wzfvISt,23304,91544821
Salim,Blowfield,sblowfieldbx@epa.gov,1bqDPh3YORlO,22058,62313934
Daisie,Arent,darentby@bing.com,kX1vRwIao,34379,53956966
Tito,Beecham,tbeechambz@reference.com,STnBwn5D6DQw,31287,21738727
Marv,Gebb,mgebbc0@hud.gov,2BTqO8u,22466,52832556
Cherey,Heigl,cheiglc1@elpais.com,VNH0ZOtFsf,9109,47720542
Angelia,Aldiss,aaldissc2@google.com.br,7Lf1zxA,6616,36384834
Jefferey,Blakeway,jblakewayc3@tripadvisor.com,RcXMsjm7Y1,14368,53791295
Emmie,Nasey,enaseyc4@irs.gov,LG0XlIHNeLHX,20552,48267103
Patrica,Jobb,pjobbc5@facebook.com,loEkmuI3,12007,25463998
Larina,Hovenden,lhovendenc6@dmoz.org,3qr6mYdbo,7766,46366406
Drusie,Haythorn,dhaythornc7@guardian.co.uk,rEjKJg,9705,37142886
Otis,Taillant,otaillantc8@diigo.com,dAv4S32b9t,11821,57689048
Penni,Tezure,ptezurec9@blog.com,AcNjIggY,19699,40733250
Bobby,Van Schafflaer,bvanschafflaerca@barnesandnoble.com,Pu2ME2P,24330,84536881
Riva,Gallifont,rgallifontcb@home.pl,tPvByt8,1446,42817336
Adela,Scamwell,ascamwellcc@redcross.org,imCoNxADjGK,35814,61378117
Lorilyn,Demchen,ldemchencd@tmall.com,hj2Jkmvj6sM,14609,64293156
Nestor,Melledy,nmelledyce@sbwire.com,tPxcr0QeI,13970,51824453
Pauly,Baccup,pbaccupcf@dmoz.org,41ndHp8pF,20889,69776820
Lizzy,Lonnon,llonnoncg@samsung.com,l2NNiX,15237,65382206
Kerwinn,Conrath,kconrathch@cafepress.com,ooSOiMExX5h,18409,88977358
Harriette,Triplett,htriplettci@mayoclinic.com,uRLxH4pY0,15158,45290354
Debera,Scard,dscardcj@yahoo.com,iDsrfD,16185,87861577
Fernanda,Largen,flargenck@engadget.com,dV3DUkmT2dk,4870,30788862
Rosabelle,Riall,rriallcl@census.gov,1YHTNs,2660,25907817
Addia,Walas,awalascm@cocolog-nifty.com,OrBk4xAT,20789,84109494
Christan,Bernadon,cbernadoncn@bravesites.com,OgiuOHn9CO,32641,57391195
Juli,Gawkes,jgawkesco@techcrunch.com,qTg6KW8pV,24276,61254741
Spence,Scothron,sscothroncp@opensource.org,B0bPWBm,34266,37202070
Elysha,Cyseley,ecyseleycq@unesco.org,0co3MwCZs,13723,84470378
Hershel,Malsher,hmalshercr@patch.com,GffzbuXng,34365,57797971
Molly,Chrispin,mchrispincs@prnewswire.com,eIsNphP5,35441,44963932
Carly,Manterfield,cmanterfieldct@webs.com,qwo3EMEScZW,11714,22060143
John,Pote,jpotecu@economist.com,qgfRs0bM,8701,84785347
Celka,Fittall,cfittallcv@nih.gov,JDPTJTFig8C,2422,92033905
Robina,Goldstraw,rgoldstrawcw@blogtalkradio.com,0GPWNt3eb,15426,42652356
Hildagard,Courson,hcoursoncx@boston.com,RTRYPmOxe76d,23287,77458254
Cathee,Rhys,crhyscy@samsung.com,Y2uzcjvvP7TX,21824,39000511
Ofelia,Izachik,oizachikcz@google.es,Xh7ibRV8Tr,8898,99344720
Neale,Pitkeathly,npitkeathlyd0@amazon.co.jp,h9jYP6uP,13910,88431605
Mortie,Sawers,msawersd1@qq.com,RG55Aoef,33266,96224674
Pammi,Maltster,pmaltsterd2@toplist.cz,BG2vMua5S57Z,32821,20566285
Wendye,Foister,wfoisterd3@dailymail.co.uk,IsYKfhJBYV,13242,21975465
Lilian,Ucchino,lucchinod4@pcworld.com,Zi2nxUr,17387,30789857
Ealasaid,Abell,eabelld5@google.de,IYs5BkT6wKN,13804,44864684
Francesco,Kinglake,fkinglaked6@instagram.com,3alOj7Ix,16208,21836504
Vinni,Pallant,vpallantd7@wix.com,aWxJYQmLTH2o,31808,43242357
Brittne,Whimper,bwhimperd8@addthis.com,jnrlJ2SHIx,1418,51374301
Gill,Crippell,gcrippelld9@nhs.uk,mqmkZnD,21945,25391331
Meredith,Causton,mcaustonda@msu.edu,dftVKLE6mRxd,32391,22660015
Cybil,Aizikovitch,caizikovitchdb@acquirethisname.com,oLh1kk3DYGp,24527,35880873
Killie,Eastcott,keastcottdc@blogspot.com,COaxepxN,33447,88384356
Kissee,Haye,khayedd@nyu.edu,rALYDmx3,16237,44275717
Batholomew,Armatidge,barmatidgede@bloomberg.com,ICu1GBVzMc,22187,86449084
Truda,Leonarde,tleonardedf@vinaora.com,CzMPJJ2,17294,27752013
Karee,Andryunin,kandryunindg@dedecms.com,CpMQIp49aVTc,7691,75124483
Clarita,Tawse,ctawsedh@examiner.com,4xAk3efFkljb,10949,53189392
Vanny,Antrobus,vantrobusdi@google.com,THjvKC9,16682,54503147
Jaymee,Sankey,jsankeydj@pinterest.com,MCilriz,1301,52952452
Mellicent,Disbrow,mdisbrowdk@fc2.com,uvP8msjwYda,35441,98694585
Florri,Upex,fupexdl@123-reg.co.uk,ogFRsCOQVT,34246,27706360
Biddy,Duncklee,bdunckleedm@quantcast.com,Me50Jz,22121,28934672
Debra,Liddicoat,dliddicoatdn@google.fr,0eLImR0pHbaC,5931,86526439
Darbie,Schout,dschoutdo@hexun.com,eBlDSbxU,37307,62875823
Steffane,Morteo,smorteodp@pen.io,whzkLL,15330,43963187
Whitney,Kehir,wkehirdq@nyu.edu,dZx9THr,18758,40654732
Antony,Vayne,avaynedr@army.mil,NCMtKoAVrwJD,16307,85291270
Dell,Tatchell,dtatchellds@latimes.com,se0OXDcJ3jCz,13938,88761590
Arlan,Atlee,aatleedt@cbc.ca,iinL6Vp,7447,68158308
Emelita,Poschel,eposcheldu@joomla.org,yy4Ftm,4729,30450888
Hamel,Knewstubb,hknewstubbdv@w3.org,pO7LqCPr0urh,36330,86754422
Kelila,Darben,kdarbendw@accuweather.com,rgs5f6,6911,87229432
Woodman,Brendish,wbrendishdx@msu.edu,XLWN7Nt,26709,79320618
Ariella,Knowles,aknowlesdy@slashdot.org,x6FATGPjr,20733,71366047
Mariya,Pethrick,mpethrickdz@cloudflare.com,HtO2RREAgHh,37148,41526380
Rafaela,Roubottom,rroubottome0@theglobeandmail.com,lJk8H8y,6874,29866065
Roma,Melan,rmelane1@creativecommons.org,hoDKZQQv6Ke,6051,61726743
Bradney,Cantor,bcantore2@imgur.com,1HUJRWx0q32T,38884,99585906
Gerhard,Petschel,gpetschele3@reddit.com,BTX335OHsj4,11776,31133275
Giraud,Allport,gallporte4@google.cn,BpXX6Qf,31710,76672597
Lucina,Risbie,lrisbiee5@nature.com,SRPxuzEiXRRZ,12645,52067852
Celestine,Glisane,cglisanee6@alibaba.com,uaMj92fW,880,71841972
Ross,Castagneri,rcastagnerie7@upenn.edu,YYeiEhMJo2,35864,87294098
Othilia,McCarty,omccartye8@bigcartel.com,OvUqnl,11601,36253171
Olivia,Teager,oteagere9@sbwire.com,CA2WPfEk,4356,56414832
Manolo,Kennford,mkennfordea@google.com.br,FYz703FC,5974,23154919
Bo,Allsobrook,ballsobrookeb@fotki.com,8kKYbxJwgb,6506,31196490
Catharina,Bourrel,cbourrelec@nydailynews.com,vrmu0T,22687,52765881
Katrina,Giacomucci,kgiacomuccied@ibm.com,or9uOA,6152,72490469
Padgett,Elcock,pelcockee@ibm.com,X8ULyz,18254,93431449
Rianon,Juschka,rjuschkaef@blogtalkradio.com,H3SwaldMLO,26906,63496288
Franni,Forkan,fforkaneg@nyu.edu,Vv2dEb5wZr,8886,46315655
Christoper,Roger,crogereh@de.vu,RxvIqJKIH,14157,29609764
Cullan,Goodwin,cgoodwinei@smh.com.au,sOivmc7BcZni,11612,90776886
Darnell,Skerm,dskermej@twitter.com,uUOnY1o,21374,79124395
Ryan,Enrico,renricoek@google.pl,Qmddy9lRULb,10964,56358740
Murdock,Stuchberry,mstuchberryel@spotify.com,jQ8vkE,20869,50979973
Chauncey,Mallia,cmalliaem@youku.com,Po8pzEJ3,31209,89932671
Krystalle,Skim,kskimen@goo.ne.jp,NL70ue7pJZCj,27584,22603303
Tory,Buckel,tbuckeleo@hubpages.com,8rqmKSy,7586,87381996
Chanda,Turvie,cturvieep@netscape.com,bsAYsvI046,20392,93874408
Brenn,Kittless,bkittlesseq@creativecommons.org,r1ixm4YcL,22607,84869146
Abbe,Thistleton,athistletoner@dell.com,Cx2EpQolV,21200,46559506
Mano,Brogiotti,mbrogiotties@tripod.com,QiNGCnSNRQ,31217,33355894
Saunderson,Chrismas,schrismaset@google.com.br,uvTBrPRHmlSq,20486,90133339
Carolann,Blaksley,cblaksleyeu@amazon.co.uk,Lzk5kxVFcZRb,972,35521839
Talia,Dietsche,tdietscheev@prnewswire.com,1oWXH8ZTVm8,13255,28368505
Tad,Enbury,tenburyew@webmd.com,4vj9NPLvTr,9091,23316439
Charmain,Boyett,cboyettex@usatoday.com,4RboQpz,2623,91289724
Agnesse,Dulen,aduleney@cornell.edu,idMHdUJs1UWl,5094,73903025
Alva,Mourton,amourtonez@tumblr.com,tJi5mc1F7i9,6030,25829031
Orran,Saich,osaichf0@weibo.com,niKMKhw,21986,54488180
Kelsey,MacDearmid,kmacdearmidf1@lycos.com,y9L3gemt,10042,22664271
Marje,Partner,mpartnerf2@tripadvisor.com,IvML25tTp3l,18780,88025410
Corrinne,Swayland,cswaylandf3@mapy.cz,oClsf3BhCoR,33648,21417611
Annabel,Baynard,abaynardf4@i2i.jp,cjjz3F,18922,85471062
Henryetta,Collaton,hcollatonf5@yahoo.co.jp,NnbsxQFte72,19800,49240235
Nerita,Gettone,ngettonef6@cnbc.com,sjIuAxVG,5160,29975340
Haywood,Firle,hfirlef7@upenn.edu,YNCYYZfzYKr,1820,64793325
Chance,Osmint,cosmintf8@storify.com,4ywujlRu,4668,52407198
Martita,Moulding,mmouldingf9@huffingtonpost.com,HdQNzsUyqO,2395,92776685
Lexis,Feares,lfearesfa@hostgator.com,jaoTT9DTPas,37394,36508520
Garvy,Rentoul,grentoulfb@instagram.com,DtR7cQmOLiSk,7066,46571624
Randall,MacDonell,rmacdonellfc@ebay.co.uk,JXsvnu,5089,25103507
Hubert,Pontin,hpontinfd@engadget.com,v7KeS6kjoT3V,8650,98494081
Filberto,Sheardown,fsheardownfe@clickbank.net,mNv19Wf2iPFK,19829,26101417
Augustus,Swepson,aswepsonff@tuttocitta.it,UNsZISa,5836,22503959
Suki,Lambot,slambotfg@cmu.edu,EwPRIt9,36970,91341190
Reagen,Wilkenson,rwilkensonfh@meetup.com,wJJ2XKeuZ6,18362,98755490
Nolan,Coghlan,ncoghlanfi@imageshack.us,YtJWZ1dhoATY,7338,37221952
Florinda,Sango,fsangofj@guardian.co.uk,r30n3c,767,40400795
Skippie,Giorgini,sgiorginifk@cnn.com,aArXRfX,26674,31180153
Hadrian,Richardot,hrichardotfl@archive.org,f6eKBtFXIS7,8894,83568610
Tyson,Willis,twillisfm@abc.net.au,nGNC2G,24545,25501090
Germaine,Yacobsohn,gyacobsohnfn@chronoengine.com,UNObVPy,38352,72645669
Corabella,Blayd,cblaydfo@shutterfly.com,VivFFy2GbYYC,10830,86949785
Benyamin,Latty,blattyfp@ucla.edu,gxF9zI,31108,97455738
Shem,Russi,srussifq@desdev.cn,LyQBo5,6548,83327819
Bert,Ferreli,bferrelifr@craigslist.org,XZxfSe9ThXo,822,82206404
Peterus,Brabant,pbrabantfs@parallels.com,NHgJk6vqcP,31797,24006387
Vinny,Olenin,voleninft@noaa.gov,F3QHIr0y9Ksv,30117,79114687
Quint,Saturley,qsaturleyfu@tripod.com,Q8bc666f,963,54203586
Alysia,Roderick,aroderickfv@umn.edu,5GJqO2w8,26981,47732054
Jon,Najara,jnajarafw@google.ru,xby6OsNhb,9745,37106905
Aviva,Sawforde,asawfordefx@slashdot.org,cnKkXRk7Ft3,37214,67774969
Aimee,Kubec,akubecfy@vistaprint.com,Zj6VvGrq,34922,75031221
Peg,Tyers,ptyersfz@archive.org,Zlf5aF,27056,44959243
Martina,Lecount,mlecountg0@webeden.co.uk,YlIP1lLjp0,15937,23538019
Tilly,Emmison,temmisong1@goo.ne.jp,tuMJwQJUsA,37140,51740844
Nita,Pitkaithly,npitkaithlyg2@netscape.com,UnW8CM77,17590,37850073
Brooke,Dummer,bdummerg3@ted.com,V1SXa9,19354,35818175
Devy,Ransom,dransomg4@hud.gov,wi8VKqsi,31187,55800208
Clare,Challen,cchalleng5@epa.gov,DLpx0CjhRGJ,22287,80742610
Sissie,Jaze,sjazeg6@blogspot.com,BjxJxS,16735,73448112
Liuka,Oen,loeng7@biblegateway.com,av1fdplk,7547,42771503
Hannie,Leighfield,hleighfieldg8@digg.com,YttxHb,38118,54341935
Lorena,McDougle,lmcdougleg9@360.cn,KTgKDaiev,11064,63335765
Nicolina,Devigne,ndevignega@cyberchimps.com,iAjCPj,7285,73956987
Budd,Badger,bbadgergb@cnbc.com,AMFXFd4Ij,37352,35446270
Isiahi,Crisp,icrispgc@usgs.gov,JCOQKMT,1789,41871947
Evelina,Ostick,eostickgd@nationalgeographic.com,gWrYiQ7wFmF,16123,63074509
Elwin,Chasmer,echasmerge@noaa.gov,bzIwr3B,30886,70623921
Nell,Pakes,npakesgf@mtv.com,0SH1K4,1521,45329790
Bernardo,Cowderoy,bcowderoygg@jimdo.com,pRlCL6aLMI,667,43443647
Patsy,Runge,prungegh@psu.edu,WqwWyN,3008,33481504
Fey,Gidney,fgidneygi@reddit.com,J17tNd,2794,70643321
Harland,Etheredge,hetheredgegj@nba.com,yVRN5Fu0w,22594,99885274
Gayle,Gimlet,ggimletgk@gnu.org,2bcc1iMn42,10132,31665839
Vaclav,Rossant,vrossantgl@miibeian.gov.cn,Jo5TUjV,10444,78318762
Frederick,Biggadike,fbiggadikegm@blog.com,BtporKL,6900,72867786
Melessa,Meco,mmecogn@flickr.com,cVxdizlPb,18916,49917302
Padraig,Roser,prosergo@altervista.org,AMXUF4RxI,10175,88862945
Geneva,Totterdill,gtotterdillgp@moonfruit.com,fIm0JK,18297,93510693
Butch,Ben,bbengq@gov.uk,7uzK8X4uAQ8T,13800,93318033
Merissa,Wyne,mwynegr@ucla.edu,0gYSvgzhlz,31893,75914961
Alanah,O' Reagan,aoreagangs@wix.com,DWQt2a,14039,35035881
Idette,Dudeney,idudeneygt@facebook.com,cXiUSG,21557,96494610
Willis,Killick,wkillickgu@rambler.ru,UEdMAtqa,38886,36859775
Brooks,Lambourne,blambournegv@reverbnation.com,MRCtT7f,38335,55362825
Celinda,Paulot,cpaulotgw@time.com,Sl6JARw,18852,36286682
Gary,Wrightam,gwrightamgx@google.fr,6jZQx1B4TNJp,24313,32084995
Haskell,Jiggen,hjiggengy@businessinsider.com,RxJVpLxY6,18652,74780741
Shirleen,Mardy,smardygz@unesco.org,mQgVLaD4sJty,15725,51630090
Ami,Yurygyn,ayurygynh0@google.com.hk,fmLmebs8U0f,33892,43110215
Steffane,Larchiere,slarchiereh1@dagondesign.com,tk6RYEn,14636,26787806
Pietrek,Lenthall,plenthallh2@loc.gov,3sK6eI5vt,7540,35894914
Abbe,Passmore,apassmoreh3@army.mil,5TZTHmHN3,17437,88245196
Wynne,Finnie,wfinnieh4@toplist.cz,deAUrT,23364,56970868
Cindy,La Torre,clatorreh5@chronoengine.com,4ifBJp,26219,75081334
Shurwood,Goane,sgoaneh6@drupal.org,uBV5dWFT15k,28248,96464423
Joannes,Manjot,jmanjoth7@nymag.com,crnKyE02i2Jr,23567,66333795
Lurleen,Trevaskiss,ltrevaskissh8@weather.com,2FQJpsHnjxpr,683,75084127
Cris,Mariel,cmarielh9@irs.gov,4iXZLxKzZBl,11186,69052503
Dianemarie,Brannan,dbrannanha@bigcartel.com,5RMCQyj,414,86579189
Karoly,Bartrop,kbartrophb@drupal.org,mpAZl1gO,10650,60939402
Cleo,Delph,cdelphhc@prlog.org,23keGx,35432,21447121
Si,Lampe,slampehd@stanford.edu,6xeHyqUo9fYB,37657,83432865
Arlen,Wolfenden,awolfendenhe@skype.com,41c8FC,28335,51475360
Edsel,Rutherforth,erutherforthhf@google.com,4qvqvS,38237,43357948
Kimberlee,Stitson,kstitsonhg@apple.com,AWAuhhD6XPlL,25658,47022570
Phedra,Whiley,pwhileyhh@uiuc.edu,LzaNKt177,35439,51413014
Lisabeth,Gillibrand,lgillibrandhi@bbb.org,E6P236csexlB,21337,87178327
Jakie,Chace,jchacehj@shareasale.com,YfLRuhzXW5R3,30307,24057626
Cortie,McClelland,cmcclellandhk@sakura.ne.jp,Pw9wUhIZ,26028,27623180
Dale,Rubrow,drubrowhl@1688.com,yjljXg,35522,78799715
Tasia,Ayres,tayreshm@bloglovin.com,lbETjGK,9064,47686765
Ursala,Hickeringill,uhickeringillhn@ed.gov,JpmHhjhb,38404,70576619
Valery,Beardow,vbeardowho@oakley.com,6qn10F,38398,59766506
Bettina,Khan,bkhanhp@biglobe.ne.jp,jm1c5VDWrt1,27333,32187082
Bram,Piggin,bpigginhq@dell.com,8Rqu9uo,31018,40465300
Quill,Deevey,qdeeveyhr@pen.io,wRYN2PLB8J,10967,97140256
Eyde,Ivory,eivoryhs@oakley.com,WCbOhNiM,34196,80483408
Rozella,Harbison,rharbisonht@sogou.com,1XLS2ED,20869,58442771
Matelda,Kenwell,mkenwellhu@accuweather.com,AyZZ4F,9318,95866445
Nessa,Aspall,naspallhv@cbc.ca,nf3hDaiHPeBr,8018,33059374
Jacquelynn,Golton,jgoltonhw@usda.gov,wX6B9b66IEK,20010,40826047
Veronique,Moresby,vmoresbyhx@yahoo.com,qmakbkHH,21413,38667359
Louisa,Le Provost,lleprovosthy@nih.gov,8WHozXJ4rEY8,2356,85512404
Jeannette,Broose,jbroosehz@eventbrite.com,BPjgCctM,38028,92349837
Becki,Dorrance,bdorrancei0@dot.gov,LG0sdF8,9056,78524155
Mill,Hiland,mhilandi1@sbwire.com,D4ryyEqQOl,22897,20806115
Blondell,Emmett,bemmetti2@github.com,ZOIHS6lu,3365,67469358
Ainsley,Dionis,adionisi3@geocities.com,OusBCNo,16314,41422768
Bambie,Apfler,bapfleri4@dailymail.co.uk,w9H2Hgd9L,1011,89424519
Sofie,Hymer,shymeri5@flickr.com,zKp1gAoiXdJ,19206,34232134
Harli,Curgenuer,hcurgenueri6@yandex.ru,lncq4JJPB,8079,37636906
Alexandre,Cordingly,acordinglyi7@unesco.org,11dVy7cQb,38913,20989835
Lelah,Vischi,lvischii8@japanpost.jp,lQ2VRST0Q,23952,71509067
Cami,Waszkiewicz,cwaszkiewiczi9@narod.ru,fEiln7D2r,8699,67848558
Arron,Brennenstuhl,abrennenstuhlia@devhub.com,h3Ul4kA,32090,48027367
Chad,Yannikov,cyannikovib@baidu.com,vrO4Nd,25959,75975755
Blaine,Moulin,bmoulinic@artisteer.com,CMX6FFNXRY,6991,95958950
Levin,McKerton,lmckertonid@4shared.com,ZzIMDB1chy,10601,80697661
Bernardina,Endecott,bendecottie@admin.ch,kB0Vwf,3023,85174042
Ag,Barstowk,abarstowkif@cdbaby.com,EQnG0JOnpWH,15660,77231922
Morganica,Slainey,mslaineyig@naver.com,b4pNbOn,8076,87493485
Paulina,Smalridge,psmalridgeih@abc.net.au,5wv91TSjfHT,26982,53796901
Garwood,Glancey,gglanceyii@geocities.com,6D9nxA4crq,11084,83311631
Cathlene,Bonnyson,cbonnysonij@spiegel.de,PqThTmUZdcJd,3637,59582666
Curr,Cankett,ccankettik@china.com.cn,lPQKNyO,4287,41502833
Kellia,Wem,kwemil@bizjournals.com,kXPIZZJcto,12727,71817045
Issie,Arons,iaronsim@miibeian.gov.cn,ghE1QpELu,21484,56985859
Everett,McEneny,emcenenyin@linkedin.com,GIPlBh,31965,48538650
Latia,Blabber,lblabberio@hugedomains.com,dKO0zKfro,18404,33687897
Kort,Farnin,kfarninip@jalbum.net,uQxU2k8wqsM,28884,86482390
Karmen,Bollen,kbolleniq@artisteer.com,lO97BELU,37447,93426539
Garrard,Billyard,gbillyardir@army.mil,RYnckh7J,25871,71312941
Roch,Barthelet,rbartheletis@icq.com,ordRnXA1P,22237,32260541
Tuckie,Benny,tbennyit@sbwire.com,LUHAgapM4HJ,35608,75364353
Merv,Dilon,mdiloniu@google.co.uk,AyIdfV63,3436,40157531
Babs,Edmead,bedmeadiv@epa.gov,MA2p4jgL,668,99123830
Dee,Natalie,dnatalieiw@shutterfly.com,ojLEaEM27g8,35764,32157924
Munmro,Dwelly,mdwellyix@salon.com,av0Xdz,35829,53027749
Enrico,Phipps,ephippsiy@constantcontact.com,pL1NB4ODhk8z,1142,20107419
Cassie,Jekyll,cjekylliz@amazon.de,Qgfpft9f884i,4838,77493694
Wilone,Duligall,wduligallj0@npr.org,vaWz7iSpyu,23730,97842551
Aile,Buckney,abuckneyj1@sciencedaily.com,JUhYOeL9,762,30434983
Tirrell,Knappitt,tknappittj2@mashable.com,mYN0bDqp,9996,62614021
Ettie,Stienton,estientonj3@yolasite.com,EjhmB1b9,31255,88669872
Boy,Gemnett,bgemnettj4@macromedia.com,Vhl97VfExA,6538,77015039
Elka,Tills,etillsj5@goo.gl,FHrNL3NsQUXC,31407,34715669
Malena,Truswell,mtruswellj6@amazonaws.com,TfQeoF,8849,56107095
Charil,Eringey,ceringeyj7@skyrock.com,aRHfijgrIU0a,24981,73748390
Sapphire,McNamara,smcnamaraj8@reference.com,6ppJOcGOP,30002,41461229
Thorvald,Newlin,tnewlinj9@engadget.com,w5GDQTJKhmp,28451,68889736
Sibilla,Pace,spaceja@photobucket.com,OkHiGH6t,11242,88977364
Ernestine,Hammersley,ehammersleyjb@woothemes.com,RpuWvS9KaxL6,9974,66490000
Israel,Cohrs,icohrsjc@google.nl,nicXHDRC,38032,21752739
Gerrie,Blasli,gblaslijd@amazon.co.uk,X5tkNs,39007,67499472
Beitris,Saggs,bsaggsje@instagram.com,NaqZM65S,28155,45725341
Jade,Kettley,jkettleyjf@comcast.net,RzxwU5JAza,22510,81850481
Danny,Gorthy,dgorthyjg@nature.com,HOA9Rrnh,17437,43522732
Laurella,Keysall,lkeysalljh@va.gov,lZ6fn3p,23168,56831439
Cris,Ingry,cingryji@auda.org.au,GTsRtMkTLNd,14450,29556059
Otes,Micklem,omicklemjj@biblegateway.com,ibV2mXS,29267,22309154
Cassius,Fiddian,cfiddianjk@skyrock.com,zvmiWY,27848,75876538
Abeu,Barbie,abarbiejl@deliciousdays.com,8XJLrZECJuD,25263,26997395
Wilhelmina,Aynold,waynoldjm@digg.com,G25AW4,8233,79272089
Creight,Brambill,cbrambilljn@linkedin.com,DxbEMW,18028,60019903
Wallis,Kynan,wkynanjo@webnode.com,5OcJh8k,9668,23742071
Garek,Wainscot,gwainscotjp@nifty.com,jo11Gk,24318,26967179
Benedikt,Cool,bcooljq@vimeo.com,zEi5tgBcF0J,10409,94190663
Ashla,Skunes,askunesjr@hc360.com,uGTwnl,33650,99523908
Karol,Eim,keimjs@tumblr.com,CKKfvaTeS,29153,78807086
Jeralee,Wyborn,jwybornjt@virginia.edu,w0IQaZE,28200,62973344
Jocelyn,Stolberger,jstolbergerju@flavors.me,PnyXNYOypLx,4735,42602344
Weylin,Stenners,wstennersjv@godaddy.com,f6nOicau4fOE,39008,62625089
Violette,Diche,vdichejw@fastcompany.com,nVQjp2A0b,29502,70484797
Tate,Swindon,tswindonjx@lycos.com,yVrvsATMws,29451,79624136
Darice,Blindt,dblindtjy@bizjournals.com,8PzzxTtRau,31531,51216287
Clemmy,Pine,cpinejz@linkedin.com,MumLdAOo,17960,72327560
Emilia,Di Biaggi,edibiaggik0@epa.gov,7nAzy7J4,3520,78323429
Dinny,Kinghorn,dkinghornk1@biblegateway.com,ciu9fta,30963,48332531
Yvor,Jantel,yjantelk2@miibeian.gov.cn,13Q2yqBSyN,5589,41258642
Desmond,Hollows,dhollowsk3@networksolutions.com,1ArsRJAb,24786,65419410
Idette,Ashness,iashnessk4@google.co.jp,3qwdSqdCUh2M,30436,58520270
Debora,Spence,dspencek5@sfgate.com,WP6vUp,14395,21469383
Hewie,Earp,hearpk6@cmu.edu,BK6pfgKlVjE,25425,73195683
Kora,Abbado,kabbadok7@google.de,Ye8q7ozs,27371,33052030
Bird,Keppy,bkeppyk8@msu.edu,WPgNMS4l0,10799,99515726
Trudy,Stoffels,tstoffelsk9@barnesandnoble.com,Qg062YfYgsqv,35358,81282153
Serge,Rivers,sriverska@buzzfeed.com,5c1MQpUVQ,188,93177000
Abby,Ormonde,aormondekb@hexun.com,8WcWPFaB0J,4548,25118012
Mona,Coultish,mcoultishkc@reuters.com,Ca3mbvlDU443,11239,74921278
Aura,Jelks,ajelkskd@flickr.com,qXjX2sMs9,10203,22698728
Farrah,Spatig,fspatigke@slideshare.net,lUwnb5mlq,9461,67818089
Myrtice,Wrettum,mwrettumkf@narod.ru,AS339g6ui,36933,78576582
Felicio,MacCook,fmaccookkg@alexa.com,JQYHYe0m7aPL,36450,49929865
Moses,Pratt,mprattkh@xing.com,6gKhlAlAqCRe,12965,96828151
Dukey,Hatherell,dhatherellki@mit.edu,O1PTUeL3E,29194,45839273
Isabella,McAloren,imcalorenkj@europa.eu,zdZNWMbyQv,14238,25830054
Willow,Bachelor,wbachelorkk@guardian.co.uk,gUCY3vRrn,26873,86269325
Laurie,Serchwell,lserchwellkl@behance.net,OVUjmi9LJ,16990,27319667
Mandy,Lattimer,mlattimerkm@deliciousdays.com,J8cLsz,1060,42083517
Trude,Mussen,tmussenkn@yahoo.com,HxvQWqG,33740,96471311
Estrellita,Sphinxe,esphinxeko@google.com.au,YrEWfg0R2,2895,68190345
Gunilla,Goulston,ggoulstonkp@taobao.com,qSZCV3s,23331,81107588
Druci,Lowther,dlowtherkq@theatlantic.com,yb13schbI,35970,53782425
Clare,Rosenfarb,crosenfarbkr@mashable.com,ykLsxN,30296,52058310
Sal,Kynman,skynmanks@plala.or.jp,ZbJXehG,21187,89545760
Ninnetta,Bondy,nbondykt@canalblog.com,JQiZef9,13990,21561948
Omero,Bickers,obickersku@foxnews.com,NhJxIPJQUxgN,10246,76080575
Tatum,Suckling,tsucklingkv@naver.com,hM5HIV,7770,38986634
Ola,McDonnell,omcdonnellkw@artisteer.com,RrvFLN0T,2782,41404789
Thelma,Botham,tbothamkx@squidoo.com,8gBfyH7qf,9782,28595378
Elke,de Lloyd,edelloydky@networkadvertising.org,tOTJ6v2mB,12448,52159223
Booth,Lemanu,blemanukz@ox.ac.uk,jJkJifCgmrI,16871,69207779
Manny,Daye,mdayel0@is.gd,gbDW91,6171,28112562
Evered,Quilkin,equilkinl1@sina.com.cn,MBYGJ4gA,26627,98293140
Nancee,Torres,ntorresl2@mysql.com,Kfwms8,21122,74524577
Bing,Keigher,bkeigherl3@amazon.co.uk,ePu5dO,21620,81100472
Krystyna,Morrice,kmorricel4@arizona.edu,dt14hu2VhoU,27794,36524182
Ham,Barnby,hbarnbyl5@xing.com,GHS4c6AN,17455,81879470
Joela,Getten,jgettenl6@ehow.com,GGGSS7G,21287,27677346
Rhianna,Josephson,rjosephsonl7@desdev.cn,xXIrQSfMlZC,11344,71894012
Freddie,Sarjant,fsarjantl8@yelp.com,l8QKmi,27758,83933558
Elise,Gaiford,egaifordl9@alibaba.com,5TcknDYRlr,19489,58240367
Lauren,Lynnett,llynnettla@craigslist.org,vtICwGtw,11760,77394511
Anastassia,Lavell,alavelllb@scribd.com,4ZM2dwG7e,38960,80424749
Jobie,Sanpere,jsanperelc@phoca.cz,BRPd0ZoVZ,22528,88182414
Lolita,Selwin,lselwinld@sbwire.com,6rEYRT,22998,23173814
Hillery,Guerreiro,hguerreirole@redcross.org,kw7gz66O,14141,26270240
Osbourne,Faint,ofaintlf@ox.ac.uk,oGtZc3NDKsUy,29009,67989410
Gaultiero,Fache,gfachelg@pbs.org,eVjHxZy9,16887,74851699
Scott,McAllan,smcallanlh@linkedin.com,SGFUEJPQt,5248,73342568
Nicoline,Botterell,nbotterellli@hao123.com,JtzDe98VH,22638,64211605
Nikaniki,Ashment,nashmentlj@goodreads.com,VF8jJ5q5VWo,14970,49143923
Vinny,Onion,vonionlk@ebay.com,qHE9ekwS2,32527,31620543
Gael,Priestland,gpriestlandll@who.int,cxOaOO,32646,93266137
Ofella,Rocca,oroccalm@biblegateway.com,Atr5gHjjLmDO,28113,61614805
Sebastiano,Stanex,sstanexln@slate.com,WgSiu5,6881,86072087
Delmor,Beverstock,dbeverstocklo@redcross.org,C7F1Pl,17900,60444915
Corbie,Wastall,cwastalllp@yellowbook.com,I3SL1y7X,7683,77328686
Byrom,Greep,bgreeplq@shutterfly.com,gKTeUiL,1443,85631451
Feliks,Anthony,fanthonylr@wordpress.org,Ej65dE,13177,92758612
Jeromy,Fathers,jfathersls@flickr.com,98As2y,15993,70577792
Fernando,Snoxall,fsnoxalllt@sciencedaily.com,pwhDKT,2881,59840207
Elora,O'Keeffe,eokeeffelu@ox.ac.uk,2vLq1680s,19331,99970920
Lavinie,Lejeune,llejeunelv@4shared.com,dr3pS8,17541,27582044
Chick,MacNally,cmacnallylw@cpanel.net,Qzzimb4NaUW,2362,34581513
Harriott,Royan,hroyanlx@yahoo.com,knaiB0G9U4,14863,63387420
Zerk,Christon,zchristonly@dagondesign.com,fBMUz8ChXuP,8074,86460207
Celestyna,Dourin,cdourinlz@sun.com,4sL8A5f,14916,98869398
Brody,O'Sharkey,bosharkeym0@ameblo.jp,5sYdC9Fn,5144,65197454
Latia,Hedgeley,lhedgeleym1@storify.com,F1Pb31,36373,63617068
Jeremias,Caygill,jcaygillm2@oaic.gov.au,bLmn8t6EQ5zT,2108,95899101
Adara,Wordsley,awordsleym3@simplemachines.org,gfaDBOg,28613,68424224
Pattin,Dougliss,pdouglissm4@mapy.cz,jy2fGNX4HoHu,14453,72137982
Herrick,Kays,hkaysm5@alexa.com,mKtEyw9yDB,21553,87113079
Anne,Preedy,apreedym6@ted.com,GkbmyXy,36268,88299978
Liz,Hollyland,lhollylandm7@pcworld.com,rorXdSdRXWuj,13131,25401959
Wiatt,Frantzen,wfrantzenm8@booking.com,XzfXc5,36146,90784382
Georgina,Ricker,grickerm9@paypal.com,bpwG43qA,6392,32021283
Pete,Ivanchikov,pivanchikovma@loc.gov,aLg0gwTEyQ7d,36179,65157404
Moyna,Ricarde,mricardemb@webmd.com,AknwEQwN,20666,22688178
Shayla,Giampietro,sgiampietromc@unblog.fr,4R5u11w,18842,77363091
Christan,Bassett,cbassettmd@acquirethisname.com,T8JVNwwtY,17150,78561580
Mill,Gurnay,mgurnayme@sun.com,oJPIJIPXS7Ds,36139,64304401
Creight,Fidoe,cfidoemf@ca.gov,oRmbwr2cS,21146,93011445
Tracy,Dybbe,tdybbemg@gnu.org,RCp67Yfcz,3774,92214336
Guillaume,Crips,gcripsmh@bizjournals.com,GD1Xt0GleFv,32431,96597451
Sheffie,Flecknell,sflecknellmi@bizjournals.com,E2tyMVrg,36538,71263888
Feodora,Swithenby,fswithenbymj@amazonaws.com,cHekfvCC,31290,76906503
Mitch,Mitchard,mmitchardmk@ocn.ne.jp,4WAWxLM1,10554,78534760
Karissa,Manis,kmanisml@whitehouse.gov,MpIGhsRQc,6605,97848107
Win,Bruins,wbruinsmm@marriott.com,zbThri77U,22441,75999225
Sabina,Heisham,sheishammn@purevolume.com,gGfqEu,26223,66376744
Cesar,Pressland,cpresslandmo@last.fm,QoOS0xrJYxf,27037,37502941
Alia,Tackley,atackleymp@disqus.com,K6NHTipucKz9,6192,45949532
Clareta,Fronczak,cfronczakmq@odnoklassniki.ru,PkkTErZ,37623,51403137
Dedie,Arniz,darnizmr@dailymotion.com,8zc6H3tmf9,851,48295662
Felizio,D'Costa,fdcostams@goo.ne.jp,HoeK51,5354,73432492
Violetta,Roney,vroneymt@icq.com,Eeft3XM,4237,26110445
Miran,Sachno,msachnomu@hibu.com,NUGBKF3h,36368,46465300
Dewitt,Shires,dshiresmv@over-blog.com,cTww7cLFu,33577,22022231
Lexie,Greson,lgresonmw@ibm.com,W2Prk4UDO7,3053,83933847
Natty,Hadgkiss,nhadgkissmx@alexa.com,shuhgW5Q,20837,83954310
Madelina,Aireton,mairetonmy@shareasale.com,pcjpDU,36805,29037947
Shadow,Sibbet,ssibbetmz@yelp.com,uutI8X4ATK,34924,98401365
Angil,Bampkin,abampkinn0@cbc.ca,WlYwjgw2l,30745,50726148
Siobhan,Woolager,swoolagern1@dagondesign.com,2rk1eA,1552,59726838
Clemmy,Leile,cleilen2@un.org,6NzkZz7syBC,20622,54724561
Nananne,Donnan,ndonnann3@tinyurl.com,Gg9UJ8m5D4vV,31988,84245470
Harold,Leveritt,hleverittn4@de.vu,SnKs6w,2838,36819527
Gerta,Stanway,gstanwayn5@ed.gov,Od9t8NW2f,15277,30036863
Mel,Davson,mdavsonn6@ow.ly,A5jQygDyP,22748,52202465
Irvine,Chater,ichatern7@earthlink.net,esbkjR,37025,94395316
Giulia,Norssister,gnorssistern8@unc.edu,XIBubOamL,25306,42082169
Janaye,Gyles,jgylesn9@mail.ru,VsRpDTK8,28846,54824669
Jobina,Sinnock,jsinnockna@g.co,GTNkvpCTZ,17000,51089999
Howard,Cassar,hcassarnb@squarespace.com,UrbUgNI,753,63415046
Sibeal,Pester,spesternc@nyu.edu,ZEOO1tOR,17048,28208405
Iona,Mitchelson,imitchelsonnd@digg.com,xKLkw6Qt0QF,19203,71242910
Melita,Connow,mconnowne@istockphoto.com,J8unUQPeUgT,79,81020483
Park,Myderscough,pmyderscoughnf@about.com,hjIZKfJiC,34704,90829265
Papagena,Galloway,pgallowayng@hao123.com,9xHr9x2J,17597,70405213
Julia,Ansty,janstynh@bloglovin.com,fKVAqBckPbX3,7613,86433412
Lydia,Hasnip,lhasnipni@nba.com,XmKWf7,9813,59757981
Karin,Denney,kdenneynj@surveymonkey.com,IXtm7OeCG0,3409,44012392
Alfie,Brewin,abrewinnk@1688.com,pCGZsI,27381,71017785
Clayton,Jellings,cjellingsnl@nydailynews.com,5C6Cbzd,31269,33357099
Wes,Priddle,wpriddlenm@yahoo.co.jp,Ck4GDHOS,1686,60236391
Waylon,Gelland,wgellandnn@house.gov,8tQ5AjLB,10325,54535442
Jeramie,Darton,jdartonno@fotki.com,IZHbIc1F,23945,69941563
Parry,Pyer,ppyernp@hibu.com,JSOavMtjAuc,19761,22650923
Rey,Kantor,rkantornq@bloomberg.com,n12JDYB,19583,88512434
Carina,Bartzen,cbartzennr@sakura.ne.jp,iyY9HUJ4rT,31291,74862988
Penni,Pardoe,ppardoens@pen.io,eGLY0kS90,21111,58086359
Donal,Valde,dvaldent@slashdot.org,xr1VYc8NiflF,37139,87708563
Nona,Bras,nbrasnu@amazon.de,lfFde0,4408,21404215
Ronalda,Chooter,rchooternv@trellian.com,QSG6yMP,17087,67447764
Olav,Gilchriest,ogilchriestnw@psu.edu,Z9Ms0zuyQMR,15565,58491768
Dianna,Gamlen,dgamlennx@aol.com,CNZSEprikG,18460,46259712
Koenraad,Patrono,kpatronony@a8.net,DmT85V,3911,31224874
Brooke,Rigg,briggnz@sohu.com,HwoqyPPhVDwf,14506,38672485
Jarrid,Danilenko,jdanilenkoo0@engadget.com,Ejt9CZiWDRi9,1275,51427984
Bibbye,deKnevet,bdekneveto1@accuweather.com,KRFt4yn,13260,42796358
Danny,Saket,dsaketo2@flavors.me,Pr1ROnjoIPI,13862,61638046
Friedrick,Tukely,ftukelyo3@google.it,zf65L5Qt,2500,54569675
Dido,Doodson,ddoodsono4@google.de,As2cHHuoIwc,16668,46581684
Lindsay,Doumerc,ldoumerco5@ask.com,HyRVgODeSUf,38058,75894596
Lamont,Houlworth,lhoulwortho6@over-blog.com,RsB9pZR1PyY,33148,62777272
Allard,Clemont,aclemonto7@woothemes.com,nMVPZLW,8253,35004705
Torr,Dimmne,tdimmneo8@bizjournals.com,AAHqCxp17,13296,54221964
Pablo,Strain,pstraino9@google.fr,L1l9rt,23045,90787769
Ricoriki,Konerding,rkonerdingoa@ftc.gov,iS7Ais,17379,71022910
Meridith,Brunner,mbrunnerob@angelfire.com,RntuTbBLQnU,2236,86266209
Percival,Terrett,pterrettoc@tripod.com,d5xD4OZ0c,18577,76820467
Berti,Woodroofe,bwoodroofeod@sphinn.com,jyLdJTD,808,60190938
Nickie,Mace,nmaceoe@geocities.com,3LGpkI9,34622,98680205
Nance,Heisman,nheismanof@cnn.com,NdSkVMOkAejh,4328,70482880
Terry,Monkeman,tmonkemanog@unesco.org,dpIWkdJf,27246,49636057
Silvanus,Wrightem,swrightemoh@wordpress.org,KaiksS,14460,79886589
Nappie,Durnford,ndurnfordoi@bloomberg.com,jhY9WJZGGSnU,36880,43100600
Aurelie,Ferrant,aferrantoj@microsoft.com,dwowtiXESlj1,35766,63641783
Idelle,Trice,itriceok@ucsd.edu,GB0GqcMHC,35662,40891509
Desmond,Shutle,dshutleol@adobe.com,cuuL1ybQ7,7595,60540426
Maire,Oulet,mouletom@forbes.com,nEpF2x0,33184,99235191
Hersh,Corkish,hcorkishon@engadget.com,xgOb5V,23711,64159296
Ermanno,Weathers,eweathersoo@dion.ne.jp,BDNEC2BDaL1,33956,97606571
Godfrey,Oleszczak,goleszczakop@who.int,JCXEgiBd,27257,37172836
Yule,Gallahue,ygallahueoq@cnbc.com,YBQk0d,36968,64012080
Napoleon,Loalday,nloaldayor@newsvine.com,5XxImS10aHFh,26105,78893316
Fremont,Doby,fdobyos@shutterfly.com,ewbNeSKF,20014,70758636
Willis,Clemetts,wclemettsot@tinyurl.com,bfRQGK,3754,76818962
Darryl,Fendt,dfendtou@myspace.com,603mQV8,17732,93237437
Alon,Osipov,aosipovov@biblegateway.com,ut0ZD45AO,30779,48509349
Sanderson,Dupoy,sdupoyow@home.pl,B3CDkCC,15076,98169083
Joelynn,Darthe,jdartheox@friendfeed.com,xvdcpWS0PJ,21949,73326815
Gabey,Giannini,ggianninioy@blogs.com,unGE51DaNpk5,39256,58153522
Kurt,Masi,kmasioz@sitemeter.com,poJWS5d,13487,84609027
Leoline,Belle,lbellep0@mysql.com,Bq5VsU,25533,93627905
Celestia,Strephan,cstrephanp1@hao123.com,BB5OQHcf,24497,82060583
Husein,Naerup,hnaerupp2@seattletimes.com,iCKtOqf,10794,81788892
Emylee,Salvin,esalvinp3@w3.org,RW9nLa,2318,21876014
Linn,Heaney,lheaneyp4@comcast.net,xaABzM,38497,28100829
Julianna,Calvie,jcalviep5@pen.io,tsaZZ38v,22777,26365550
Murdoch,Quail,mquailp6@exblog.jp,I0qkQe8lT,9932,22502997
Rossy,Sylvaine,rsylvainep7@youtube.com,TLqwLXbII,15096,31311134
Tine,Jerrom,tjerromp8@accuweather.com,NP2QN7aq,3092,94219634
Bartholomeus,Arnoud,barnoudp9@bbc.co.uk,hL6wQjWtlHkM,2490,61248947
Oona,Branscombe,obranscombepa@qq.com,hxe115uXt,34843,88068815
Rod,O'Nions,ronionspb@t.co,i7bxoH,6896,50108404
Anson,Latchford,alatchfordpc@loc.gov,XH0O24SYAA,30645,93842172
Hendrika,Klimkovich,hklimkovichpd@npr.org,Gs10PbFTGbj,21353,98803882
Wake,Whyman,wwhymanpe@foxnews.com,SfKLVrwPR,24737,34791665
Laurens,Astlet,lastletpf@mysql.com,cZIcgZ,38922,69020325
Nelson,Cassius,ncassiuspg@pbs.org,g0tPAB3Hxjs,26201,76100791
Franz,Stoke,fstokeph@facebook.com,pzLxCqlu,38284,98038593
Ronnica,Burling,rburlingpi@zimbio.com,nJTLktw3bz9A,32843,36591216
Matthiew,Creek,mcreekpj@noaa.gov,KDRh4hXjo,12862,86266072
Darbie,Stockow,dstockowpk@ca.gov,Xu6CYiaBos,3050,46801488
Danette,Scandwright,dscandwrightpl@flickr.com,K0VKJq4n,20914,69163503
Livvie,Goodsir,lgoodsirpm@mtv.com,xXESfJh,4030,97330818
Lorry,Robey,lrobeypn@tinypic.com,82xqdI0,21208,94321419
Manya,Van De Cappelle,mvandecappellepo@trellian.com,4u7pqdyC,17527,75417496
Cecilio,Castellone,ccastellonepp@vimeo.com,Dg6Hbokb,14763,20645702
Garrott,Housecraft,ghousecraftpq@miibeian.gov.cn,pg4KiR2Pwa9,31396,85589629
Christel,Kunkel,ckunkelpr@narod.ru,bbKnYO,20365,30737624
Maurine,Benedek,mbenedekps@ibm.com,yq9TMip8dJP,9006,70474413
Zabrina,Sukbhans,zsukbhanspt@ucla.edu,eLVquwZyN,24370,74134894
Noby,Poge,npogepu@nps.gov,xjEkBKY4SoY,34964,31125196
Whitney,Thake,wthakepv@theglobeandmail.com,j8AfBREOo9cj,27675,65812580
Em,Kindon,ekindonpw@mediafire.com,PZpaXDVe,30424,49584868
Otha,Kerry,okerrypx@google.cn,WswImkXN907K,21758,92134406
Arlyn,Rodmell,arodmellpy@simplemachines.org,cCjGJA1ii,35042,93825203
Thornie,Bachmann,tbachmannpz@microsoft.com,0d1nOeRhd,1066,53861575
Kessiah,Gostick,kgostickq0@nih.gov,s47TDa,16833,56301098
Laverna,Peres,lperesq1@indiegogo.com,zc24rvre,21296,29782040
Violetta,Jiggins,vjigginsq2@chicagotribune.com,iJlKe2bM,25462,97932790
Gretna,Costin,gcostinq3@a8.net,4Fjo1mGOWI,32487,93369033
Marion,Inchboard,minchboardq4@patch.com,VBgEPvrEhHid,23014,95106550
Holden,Harriagn,hharriagnq5@vinaora.com,Mjgwif,10412,37471685
Ilyssa,Cleef,icleefq6@twitpic.com,QOF6wFM0N,7556,35866362
Nelly,Jozwik,njozwikq7@mapquest.com,k9ZOx1FkN,32531,71617083
Shena,Gleeson,sgleesonq8@wired.com,a72YEgcbYaW,31394,71716289
Jim,Gilbanks,jgilbanksq9@go.com,WTWPee7Uh,37786,55427411
Leonhard,Gilvary,lgilvaryqa@nbcnews.com,cR399P,19257,69381971
Dannel,Thomson,dthomsonqb@huffingtonpost.com,Ep2RpXmOxdL,36853,29722611
Erroll,Downham,edownhamqc@biglobe.ne.jp,wk5XTkE0Qu5W,17342,34680854
Jemima,Gibbons,jgibbonsqd@hibu.com,k1u6oNjF,21551,54368629
Lavinie,Phillippo,lphillippoqe@people.com.cn,tpWdBPzAJRCH,33361,35121103
Adda,Rate,arateqf@bluehost.com,XzYjN4zQCHS,4951,54681314
Clarey,Cowndley,ccowndleyqg@bing.com,hvW2NFRWPw,28772,24158992
Stacee,Paggitt,spaggittqh@nymag.com,4Zzf8J,3429,83155431
Daryl,Broske,dbroskeqi@umn.edu,wCYgE5v,25942,64686186
Hyacinthie,Chamberlaine,hchamberlaineqj@usgs.gov,BUkQG7WnO0c,3751,79850059
Babette,Jaffrey,bjaffreyqk@xrea.com,IRMncfIAuNQ,27788,52401630
Tremain,Abbes,tabbesql@cocolog-nifty.com,YihJMotI,751,54239574
Franz,Parkman,fparkmanqm@utexas.edu,Kn5UhPbFGs0,38640,30513960
Jeff,Havers,jhaversqn@dailymotion.com,zkvhlFJ,5184,39884409
Hans,Tarbet,htarbetqo@yandex.ru,9AxGFfQIbpE,31982,81961879
Helena,Chotty,hchottyqp@people.com.cn,HCb9xF,23792,89104597
Alta,Sidey,asideyqq@chicagotribune.com,mmbpBt,38251,53980108
Lanie,Gariff,lgariffqr@state.gov,cpmrjp,18428,75105245
Mitchell,Kydde,mkyddeqs@usda.gov,RMKc4TNR,36308,66977757
Jammal,Muzzillo,jmuzzilloqt@joomla.org,UNYuiFL5GrT,36846,80100211
Tamar,Bugs,tbugsqu@desdev.cn,0BqMt55V5l,19248,95402946
Rudolf,McCafferky,rmccafferkyqv@narod.ru,zNe81eOOh,36380,33831750
Leonhard,Jeannequin,ljeannequinqw@networkadvertising.org,Tdaar5OZZdEy,37830,35468194
Micheline,Baron,mbaronqx@parallels.com,AgD9Lj2,19178,74027038
Loella,Meus,lmeusqy@theguardian.com,mELanL0fs,18469,58912391
Cash,Letty,clettyqz@ucoz.com,o0DKWur,1552,89412190
Cordell,Suermeiers,csuermeiersr0@nbcnews.com,LDbhCARce,16238,31929565
Lane,Deaton,ldeatonr1@sbwire.com,ukC0Sjjl,15494,22444144
Leila,Traynor,ltraynorr2@technorati.com,gRipqmV7y1g,27522,87593478
Erda,Munslow,emunslowr3@arizona.edu,hP5Wdpe,22997,25969938
Emmet,Carslake,ecarslaker4@usa.gov,v314DkBZ,22390,78309692
Ilene,Tabner,itabnerr5@tuttocitta.it,vEKHybfloh,5305,40290035
Egor,Foottit,efoottitr6@seesaa.net,XSCE4VK,18960,98911283
Ida,Neilan,ineilanr7@harvard.edu,VVjGW1y,10684,53375972
Maisie,Stavers,mstaversr8@jigsy.com,DDOwe4X,35993,56189446
Sayres,Waddy,swaddyr9@time.com,ffXNFiNQc,12190,81943499
Fifine,Icke,fickera@ucoz.ru,9hN92X7C,12669,33834440
Leora,McGarrell,lmcgarrellrb@utexas.edu,Bi9q598Sa22,36230,60151219
Ailbert,Ervin,aervinrc@bizjournals.com,ropQtngDPc,11582,85150601
Bord,Neiland,bneilandrd@google.co.jp,oRMdlOh,18673,91439615
Jessamyn,Gosneye,jgosneyere@nytimes.com,3W6M1M2P,18579,49795044
Renata,McMeekin,rmcmeekinrf@theatlantic.com,oVcvjtmBtvG,1225,69250304
Ignaz,Powton,ipowtonrg@amazonaws.com,uwsHzvB5yIr0,8636,59726650
Aymer,Backson,abacksonrh@studiopress.com,p1kwZtTq,33392,24058358
Blair,Fippe,bfipperi@webs.com,1D9s1RRUVg,16404,30227100
Ree,Tomblings,rtomblingsrj@mtv.com,q5casiFO,39198,42605542
Druci,Rawlinson,drawlinsonrk@msn.com,GIrpVMT2pc,21651,48427484
Wilden,Buske,wbuskerl@cornell.edu,Iyqjo1yl,3581,79034058
Karie,Bowart,kbowartrm@princeton.edu,0qDBCgO8OyQ,32911,59520937
Roslyn,Biermatowicz,rbiermatowiczrn@oakley.com,S0Ki3H6O,33519,93329148
Elvis,Du Fray,edufrayro@patch.com,epKBlo4B0rly,21837,82643295
Ev,Primett,eprimettrp@woothemes.com,uVaiLGGi3d,12954,24454011
Carlina,Barbe,cbarberq@deviantart.com,lk1YFQpy5rP,4071,69613892
Kin,Hagard,khagardrr@github.io,6x6k0roeCz,26918,37526164
